epoch,cotAlpha_mae_full,cotBeta_mae_full,loss,mean_uncertainty_cotAlpha,mean_uncertainty_cotBeta,mean_uncertainty_x,mean_uncertainty_y,val_cotAlpha_mae_full,val_cotBeta_mae_full,val_loss,val_mean_uncertainty_cotAlpha,val_mean_uncertainty_cotBeta,val_mean_uncertainty_x,val_mean_uncertainty_y,val_x_mae_full,val_y_mae_full,x_mae_full,y_mae_full
0,0.6403799057006836,0.4013751447200775,921222184960.0,0.3263581693172455,0.5780266523361206,0.3085537552833557,0.36993998289108276,0.7075457572937012,0.40624475479125977,71957561344.0,0.4394882619380951,0.7475680708885193,0.44638991355895996,0.4889239966869354,0.5757214426994324,0.6276275515556335,0.5659418702125549,0.6175810694694519
1,0.7221333384513855,0.3982353210449219,26863304704.0,0.5007623434066772,0.7865306735038757,0.4458286464214325,0.5644339919090271,0.7311903834342957,0.40531668066978455,13532997632.0,0.515062153339386,0.8068587779998779,0.4499112665653229,0.6090737581253052,0.5710510015487671,0.6552857756614685,0.5731112360954285,0.6457366347312927
2,0.7441777586936951,0.4226876497268677,9325788160.0,0.5150679349899292,0.8214526772499084,0.4671168327331543,0.6384488940238953,0.7614398002624512,0.4627796709537506,4619996160.0,0.5540780425071716,0.8438515067100525,0.4339543581008911,0.679992139339447,0.5746145844459534,0.5976705551147461,0.5708211064338684,0.628961980342865
3,0.7729479670524597,0.457364022731781,2236475392.0,0.5531954765319824,0.8819986581802368,0.4359223246574402,0.6916322708129883,0.7759403586387634,0.46407103538513184,1269232000.0,0.5544975399971008,0.8925514817237854,0.4383685886859894,0.6956194043159485,0.576158344745636,0.5985687375068665,0.5748330950737,0.5991018414497375
4,0.7840401530265808,0.4502895772457123,1382167808.0,0.560266375541687,0.8644214272499084,0.582520604133606,0.6880637407302856,0.7860580086708069,0.4548136293888092,1501019008.0,0.5623407959938049,0.8575617671012878,0.6218163371086121,0.6868448257446289,0.5705517530441284,0.6055493354797363,0.5713165402412415,0.6044569611549377
5,0.7858018279075623,0.4481659531593323,1385356544.0,0.5617132782936096,0.8563385009765625,0.6209110021591187,0.6854785084724426,0.7860580086708069,0.4548136293888092,1501019008.0,0.5623407959938049,0.8575617671012878,0.6218163371086121,0.6868448257446289,0.5705517530441284,0.6055493354797363,0.5700079202651978,0.6057597994804382
6,0.7858018279075623,0.4481659531593323,1385356544.0,0.5617132782936096,0.8563385009765625,0.6209110021591187,0.6854785084724426,0.7860580086708069,0.4548136293888092,1501019008.0,0.5623407959938049,0.8575617671012878,0.6218163371086121,0.6868448257446289,0.5705517530441284,0.6055493354797363,0.5700079202651978,0.6057597994804382
7,0.7863442897796631,0.44797325134277344,1157997824.0,0.5609779357910156,0.861920177936554,0.6219856142997742,0.6865071654319763,0.7883197665214539,0.45414531230926514,761072576.0,0.5600971579551697,0.8726393580436707,0.6259897351264954,0.6902249455451965,0.5702518820762634,0.6057996153831482,0.5698870420455933,0.6058496236801147
8,0.7885817289352417,0.4475989043712616,803851264.0,0.560579240322113,0.8728315830230713,0.6251040101051331,0.6897534728050232,0.7891120910644531,0.4543023407459259,676657152.0,0.5614485144615173,0.8746054768562317,0.6259238123893738,0.6914036273956299,0.5703669786453247,0.605245053768158,0.5698370933532715,0.605962872505188
9,0.7890449166297913,0.4476430118083954,777746048.0,0.560794472694397,0.8737413883209229,0.625034749507904,0.6900280714035034,0.7895104289054871,0.45431268215179443,655487296.0,0.5614748597145081,0.8753468990325928,0.6258975267410278,0.6914122104644775,0.5704697370529175,0.605241060256958,0.5698609948158264,0.6054489612579346
10,0.7892659306526184,0.447647362947464,777746048.0,0.5608190894126892,0.8740513920783997,0.6249874830245972,0.6900443434715271,0.7895525097846985,0.454374760389328,676600000.0,0.5614498853683472,0.8753226399421692,0.6258504986763,0.6914920210838318,0.5704666972160339,0.6052513122558594,0.5699098110198975,0.6054518222808838
11,0.7893698215484619,0.44771507382392883,762834688.0,0.5608924031257629,0.8742436170578003,0.624941349029541,0.6902012825012207,0.7897093296051025,0.4543896019458771,571088256.0,0.5616417527198792,0.8757590651512146,0.6258407831192017,0.6916587948799133,0.5705356597900391,0.6052331924438477,0.569936215877533,0.6054509282112122
12,0.7900668382644653,0.44762516021728516,658464320.0,0.5600902438163757,0.8769121766090393,0.6251485347747803,0.6899341344833374,0.7910189628601074,0.45400962233543396,444343008.0,0.5595542788505554,0.8815693855285645,0.626676619052887,0.6904552578926086,0.5695747137069702,0.6055160760879517,0.5695070624351501,0.6056879758834839
13,0.7989655137062073,0.44763872027397156,516978656.0,0.564949631690979,0.9122836589813232,0.6226572394371033,0.6983574628829956,0.8724129796028137,0.45701465010643005,84480528.0,0.6128466725349426,1.193222999572754,0.6020932793617249,0.7842934727668762,0.5777876973152161,0.6278794407844543,0.5700553059577942,0.6079812049865723
14,0.877414345741272,0.4484538435935974,22380846.0,0.6139811277389526,1.2034693956375122,0.6065475344657898,0.7874354720115662,0.8778497576713562,0.45506083965301514,21140458.0,0.6147089004516602,1.2054188251495361,0.6075505614280701,0.7891772389411926,0.5789124965667725,0.6242512464523315,0.5784608721733093,0.6252688765525818
15,0.8775469064712524,0.44834432005882263,22380828.0,0.6140836477279663,1.2037603855133057,0.6067162752151489,0.7876014709472656,0.8778497576713562,0.45506083965301514,21140450.0,0.6147089004516602,1.2054188251495361,0.6075505614280701,0.7891772389411926,0.5789124965667725,0.623189389705658,0.5784997940063477,0.6236815452575684
16,0.8775469064712524,0.44834432005882263,22380826.0,0.6140836477279663,1.2037603855133057,0.6067162752151489,0.7876014709472656,0.8778497576713562,0.45506083965301514,21140448.0,0.6147089004516602,1.2054188251495361,0.6075505614280701,0.7891772389411926,0.5789124965667725,0.6222725510597229,0.5784997940063477,0.623007595539093
17,0.8775469064712524,0.44834432005882263,22380824.0,0.6140836477279663,1.2037603855133057,0.6067162752151489,0.7876014709472656,0.8778497576713562,0.45506083965301514,21140448.0,0.6147089004516602,1.2054188251495361,0.6075505614280701,0.7891772389411926,0.5789124965667725,0.6222725510597229,0.5784997940063477,0.6223676800727844
18,0.8775469064712524,0.44834432005882263,22380820.0,0.6140836477279663,1.2037603855133057,0.6067162752151489,0.7876014709472656,0.8778497576713562,0.45506083965301514,21140446.0,0.6147089004516602,1.2054188251495361,0.6075505614280701,0.7891772389411926,0.5789124965667725,0.62184077501297,0.5784997940063477,0.6220590472221375
19,0.8775469064712524,0.44834432005882263,22380820.0,0.6140836477279663,1.2037603855133057,0.6067162752151489,0.7876014709472656,0.8778497576713562,0.45506083965301514,21140446.0,0.6147089004516602,1.2054188251495361,0.6075505614280701,0.7891772389411926,0.5789124965667725,0.62184077501297,0.5784997940063477,0.6219375133514404
20,0.8775469064712524,0.44834432005882263,22380812.0,0.6140836477279663,1.2037603855133057,0.6067162752151489,0.7876014709472656,0.8778497576713562,0.45506083965301514,21140428.0,0.6147089004516602,1.2054188251495361,0.6075505614280701,0.7891772389411926,0.5789124965667725,0.6199362277984619,0.5784997940063477,0.6212857961654663
21,0.8775469064712524,0.44834432005882263,22380800.0,0.6140836477279663,1.2037603855133057,0.6067162752151489,0.7876014709472656,0.8778497576713562,0.45506083965301514,21140422.0,0.6147089004516602,1.2054188251495361,0.6075505614280701,0.7891772389411926,0.5789124965667725,0.6179237961769104,0.5784997940063477,0.6188137531280518
22,0.8775469064712524,0.44834432005882263,22380796.0,0.6140836477279663,1.2037603855133057,0.6067162752151489,0.7876014709472656,0.8778497576713562,0.45506083965301514,21140412.0,0.6147089004516602,1.2054188251495361,0.6075505614280701,0.7891772389411926,0.5789124965667725,0.6165014505386353,0.5784997940063477,0.6179126501083374
23,0.8775469064712524,0.44834432005882263,22380782.0,0.6140836477279663,1.2037603855133057,0.6067162752151489,0.7876014709472656,0.8778497576713562,0.45506083965301514,21140384.0,0.6147089004516602,1.2054188251495361,0.6075505614280701,0.7891772389411926,0.5789124965667725,0.6115319728851318,0.5784997940063477,0.614718496799469
24,0.8775469064712524,0.44834432005882263,22380754.0,0.6140836477279663,1.2037603855133057,0.6067162752151489,0.7876014709472656,0.8778497576713562,0.45506083965301514,21140362.0,0.6147089004516602,1.2054188251495361,0.6075505614280701,0.7891772389411926,0.5789124965667725,0.6087780594825745,0.5784997940063477,0.6100654006004333
25,0.8775469064712524,0.44834432005882263,22380742.0,0.6140836477279663,1.2037603855133057,0.6067162752151489,0.7876014709472656,0.8778497576713562,0.45506083965301514,21140362.0,0.6147089004516602,1.2054188251495361,0.6075505614280701,0.7891772389411926,0.5789124965667725,0.6073195338249207,0.5784997940063477,0.608027458190918
26,0.8775469064712524,0.44834432005882263,22380734.0,0.6140836477279663,1.2037603855133057,0.6067162752151489,0.7876014709472656,0.8778497576713562,0.45506083965301514,21140346.0,0.6147089004516602,1.2054188251495361,0.6075505614280701,0.7891772389411926,0.5789124965667725,0.6045342087745667,0.5784997940063477,0.606395423412323
27,0.8775469064712524,0.44834432005882263,22380716.0,0.6140836477279663,1.2037603855133057,0.6067162752151489,0.7876014709472656,0.8778497576713562,0.45506083965301514,21140334.0,0.6147089004516602,1.2054188251495361,0.6075505614280701,0.7891772389411926,0.5789124965667725,0.6032420992851257,0.5784997940063477,0.6041576266288757
28,0.8775469064712524,0.44834432005882263,22380694.0,0.6140836477279663,1.2037603855133057,0.6067162752151489,0.7876014709472656,0.8778497576713562,0.45506083965301514,21140300.0,0.6147089004516602,1.2054188251495361,0.6075505614280701,0.7891772389411926,0.5789124965667725,0.5980964303016663,0.5784997940063477,0.6003564596176147
29,0.8775469064712524,0.44834432005882263,22380678.0,0.6140836477279663,1.2037603855133057,0.6067162752151489,0.7876014709472656,0.8778497576713562,0.45506083965301514,21140288.0,0.6147089004516602,1.2054188251495361,0.6075505614280701,0.7891772389411926,0.5789124965667725,0.594573438167572,0.5784997940063477,0.5973214507102966
30,0.8775469064712524,0.44834432005882263,22380658.0,0.6140836477279663,1.2037603855133057,0.6067162752151489,0.7876014709472656,0.8778497576713562,0.45506083965301514,21140272.0,0.6147089004516602,1.2054188251495361,0.6075505614280701,0.7891772389411926,0.5789124965667725,0.5918285250663757,0.5784997940063477,0.5932399034500122
31,0.8775469064712524,0.44834432005882263,22380646.0,0.6140836477279663,1.2037603855133057,0.6067162752151489,0.7876014709472656,0.8778497576713562,0.45506083965301514,21140258.0,0.6147089004516602,1.2054188251495361,0.6075505614280701,0.7891772389411926,0.5789124965667725,0.589188277721405,0.5784997940063477,0.5909284353256226
32,0.8775168061256409,0.44834432005882263,22380630.0,0.6140679717063904,1.2037134170532227,0.6067279577255249,0.7875913977622986,0.8778035044670105,0.45506033301353455,21140226.0,0.6146860718727112,1.205346703529358,0.6075672507286072,0.7891618609428406,0.5789062976837158,0.5841187238693237,0.5784961581230164,0.587817370891571
33,0.8775018453598022,0.448343962430954,22380590.0,0.6140599846839905,1.203689455986023,0.6067336797714233,0.7875860929489136,0.8778035044670105,0.45506033301353455,21140198.0,0.6146860718727112,1.205346703529358,0.6075672507286072,0.7891618609428406,0.5789062976837158,0.5780219435691833,0.5784944295883179,0.5822582244873047
34,0.8775018453598022,0.448343962430954,22380576.0,0.6140599846839905,1.203689455986023,0.6067336797714233,0.7875860929489136,0.8778035044670105,0.45506033301353455,21140198.0,0.6146860718727112,1.205346703529358,0.6075672507286072,0.7891618609428406,0.5789062976837158,0.5767865777015686,0.5784944295883179,0.5783488750457764
35,0.8775018453598022,0.448343962430954,22380554.0,0.6140599846839905,1.203689455986023,0.6067336797714233,0.7875860929489136,0.8778035044670105,0.45506033301353455,21140170.0,0.6146860718727112,1.205346703529358,0.6075672507286072,0.7891618609428406,0.5789062976837158,0.5721638202667236,0.5784944295883179,0.5738266706466675
36,0.8775018453598022,0.448343962430954,22380534.0,0.6140599846839905,1.203689455986023,0.6067336797714233,0.7875860929489136,0.8778035044670105,0.45506033301353455,21140148.0,0.6146860718727112,1.205346703529358,0.6075672507286072,0.7891618609428406,0.5789062976837158,0.5684739947319031,0.5784944295883179,0.5704352259635925
37,0.8775018453598022,0.448343962430954,22380512.0,0.6140599846839905,1.203689455986023,0.6067336797714233,0.7875860929489136,0.8778035044670105,0.45506033301353455,21140132.0,0.6146860718727112,1.205346703529358,0.6075672507286072,0.7891618609428406,0.5789062976837158,0.5647405982017517,0.5784944295883179,0.5665540099143982
38,0.8775018453598022,0.448343962430954,22380486.0,0.6140599846839905,1.203689455986023,0.6067336797714233,0.7875860929489136,0.8778035044670105,0.45506033301353455,21140106.0,0.6146860718727112,1.205346703529358,0.6075672507286072,0.7891618609428406,0.5789062976837158,0.5596661567687988,0.5784944295883179,0.5633818507194519
39,0.8775018453598022,0.448343962430954,22380468.0,0.6140599846839905,1.203689455986023,0.6067336797714233,0.7875860929489136,0.8778035044670105,0.45506033301353455,21140098.0,0.6146860718727112,1.205346703529358,0.6075672507286072,0.7891618609428406,0.5789062976837158,0.5578646063804626,0.5784944295883179,0.5592795014381409
40,0.8775018453598022,0.448343962430954,22380446.0,0.6140599846839905,1.203689455986023,0.6067336797714233,0.7875860929489136,0.8778035044670105,0.45506033301353455,21140076.0,0.6146860718727112,1.205346703529358,0.6075672507286072,0.7891618609428406,0.5789062976837158,0.5529727935791016,0.5784944295883179,0.5554182529449463
41,0.8775018453598022,0.448343962430954,22380434.0,0.6140599846839905,1.203689455986023,0.6067336797714233,0.7875860929489136,0.8778035044670105,0.45506033301353455,21140060.0,0.6146860718727112,1.205346703529358,0.6075672507286072,0.7891618609428406,0.5789062976837158,0.5508622527122498,0.5784944295883179,0.552846372127533
42,0.8775018453598022,0.448343962430954,22380418.0,0.6140599846839905,1.203689455986023,0.6067336797714233,0.7875860929489136,0.8778035044670105,0.45506033301353455,21140044.0,0.6146860718727112,1.205346703529358,0.6075672507286072,0.7891618609428406,0.5789062976837158,0.547740638256073,0.5784944295883179,0.5495123267173767
43,0.8775018453598022,0.448343962430954,22380402.0,0.6140599846839905,1.203689455986023,0.6067336797714233,0.7875860929489136,0.8778035044670105,0.45506033301353455,21140018.0,0.6146860718727112,1.205346703529358,0.6075672507286072,0.7891618609428406,0.5789062976837158,0.5462281703948975,0.5784944295883179,0.5479095578193665
44,0.8775018453598022,0.448343962430954,22380384.0,0.6140599846839905,1.203689455986023,0.6067336797714233,0.7875860929489136,0.8778035044670105,0.45506033301353455,21140008.0,0.6146860718727112,1.205346703529358,0.6075672507286072,0.7891618609428406,0.5789062976837158,0.5431574583053589,0.5784944295883179,0.5454525351524353
45,0.8775018453598022,0.448343962430954,22380374.0,0.6140599846839905,1.203689455986023,0.6067336797714233,0.7875860929489136,0.8778035044670105,0.45506033301353455,21139990.0,0.6146860718727112,1.205346703529358,0.6075672507286072,0.7891618609428406,0.5789062976837158,0.5409665107727051,0.5784944295883179,0.543137788772583
46,0.8775018453598022,0.448343962430954,22380356.0,0.6140599846839905,1.203689455986023,0.6067336797714233,0.7875860929489136,0.8778035044670105,0.45506033301353455,21139964.0,0.6146860718727112,1.205346703529358,0.6075672507286072,0.7891618609428406,0.5789062976837158,0.5389533042907715,0.5784944295883179,0.5410011410713196
47,0.8774986267089844,0.44834408164024353,22380342.0,0.6140584349632263,1.2036845684051514,0.6067348122596741,0.7875853776931763,0.8777903914451599,0.45506003499031067,21139944.0,0.6146804690361023,1.2053289413452148,0.6075717806816101,0.7891578078269958,0.57890385389328,0.5368287563323975,0.5784939527511597,0.5386186242103577
48,0.8774892091751099,0.448343425989151,22380322.0,0.6140539646148682,1.2036699056625366,0.6067381501197815,0.787582516670227,0.8777903914451599,0.45506003499031067,21139910.0,0.6146804690361023,1.2053289413452148,0.6075717806816101,0.7891578078269958,0.57890385389328,0.5347045063972473,0.578493058681488,0.5370175838470459
49,0.8774448037147522,0.4483288824558258,22380304.0,0.6140501499176025,1.2036428451538086,0.6067704558372498,0.7875023484230042,0.8775973320007324,0.4549953043460846,21139872.0,0.6146631836891174,1.2052065134048462,0.6077074408531189,0.7888069748878479,0.5788963437080383,0.532687783241272,0.578490674495697,0.5349562168121338
50,0.877296507358551,0.4482784867286682,22380288.0,0.614038348197937,1.2035530805587769,0.6068754196166992,0.7872364521026611,0.8775973320007324,0.4549953043460846,21139850.0,0.6146631836891174,1.2052065134048462,0.6077074408531189,0.7888069748878479,0.5788963437080383,0.5309938192367554,0.5784847736358643,0.5325488448143005
51,0.8772944211959839,0.44827529788017273,22380240.0,0.6153488159179688,1.2035369873046875,0.6068803071975708,0.7872359156608582,0.8775935769081116,0.4549916982650757,21139788.0,0.6160910129547119,1.2051851749420166,0.6077136397361755,0.7888055443763733,0.5789012312889099,0.5276961922645569,0.5784887075424194,0.5299760103225708
52,0.8772932887077332,0.4482737183570862,22380220.0,0.6154682040214539,1.2035316228866577,0.6068819165229797,0.7872354984283447,0.8775935769081116,0.4549916982650757,21139754.0,0.6160910129547119,1.2051851749420166,0.6077136397361755,0.7888055443763733,0.5789012312889099,0.5250639319419861,0.5784898996353149,0.5273784399032593
53,0.8773242831230164,0.44801753759384155,22380188.0,0.6159928441047668,1.2043673992156982,0.6069093942642212,0.787509560585022,0.8776090741157532,0.4546261131763458,21139712.0,0.616789698600769,1.206286072731018,0.6077702641487122,0.7891275882720947,0.578648030757904,0.5228891968727112,0.5783039331436157,0.5250609517097473
54,0.877383828163147,0.44791990518569946,22380164.0,0.6162019371986389,1.2047054767608643,0.6071814894676208,0.7877259850502014,0.8777078986167908,0.4546380937099457,21139672.0,0.6168374419212341,1.2063876390457153,0.6080986261367798,0.7893500328063965,0.5785035490989685,0.5203095078468323,0.5781354308128357,0.5221679210662842
55,0.877471923828125,0.44794386625289917,22380128.0,0.6164233684539795,1.2047797441482544,0.6073351502418518,0.7877687215805054,0.8778473734855652,0.45468345284461975,21139638.0,0.6173176169395447,1.2065074443817139,0.6082571148872375,0.7893242239952087,0.5785560607910156,0.5167813897132874,0.578122615814209,0.5194587111473083
56,0.8775113821029663,0.4479241371154785,22380096.0,0.6167916655540466,1.2048485279083252,0.607488214969635,0.7873575687408447,0.8776760697364807,0.45450177788734436,21139574.0,0.6177763342857361,1.206525444984436,0.6085661053657532,0.7879413962364197,0.578664243221283,0.5134089589118958,0.5781775116920471,0.5160470008850098
57,0.8774378299713135,0.44779592752456665,22380052.0,0.6174143552780151,1.2053329944610596,0.60780268907547,0.7865864634513855,0.8776548504829407,0.45456740260124207,21139540.0,0.6181151270866394,1.2068833112716675,0.6087901592254639,0.7880701422691345,0.5786780714988708,0.510284423828125,0.578270673751831,0.5129491686820984
58,0.8773612976074219,0.4478454291820526,22380016.0,0.6175217628479004,1.2052284479141235,0.607965350151062,0.7864944338798523,0.8777249455451965,0.4546005427837372,21139516.0,0.6183337569236755,1.2069448232650757,0.6088575124740601,0.788053572177887,0.5787136554718018,0.5072162747383118,0.5782769918441772,0.5097996592521667
59,0.8774989247322083,0.4479888677597046,22379976.0,0.6182374954223633,1.2053898572921753,0.6082295179367065,0.7863472104072571,0.8778936862945557,0.4547244608402252,21139458.0,0.6194089651107788,1.2070730924606323,0.609356701374054,0.787632942199707,0.5789249539375305,0.503511369228363,0.5783843994140625,0.5062214136123657
60,0.8775436878204346,0.4479869306087494,22379936.0,0.6188069581985474,1.2052785158157349,0.6085410714149475,0.7861310243606567,0.8777129650115967,0.45470473170280457,21139426.0,0.6195034384727478,1.2066086530685425,0.60941082239151,0.7878831028938293,0.5789692401885986,0.5003380179405212,0.5785244703292847,0.5029431581497192
61,0.8772566318511963,0.44800397753715515,22379900.0,0.61993408203125,1.2039352655410767,0.6088542342185974,0.7853797674179077,0.8775262236595154,0.454738974571228,21139384.0,0.6206046342849731,1.2055108547210693,0.6096999049186707,0.7868795990943909,0.5789922475814819,0.49670377373695374,0.578579843044281,0.4994930028915405
62,0.8770840167999268,0.4479960501194,22379874.0,0.6200841069221497,1.2034449577331543,0.6089412569999695,0.7854716181755066,0.8772167563438416,0.45472249388694763,21139350.0,0.6208685636520386,1.2045621871948242,0.6098338961601257,0.7873086333274841,0.5791202187538147,0.49451613426208496,0.5786314606666565,0.49624645709991455
63,0.8768718242645264,0.44798120856285095,22379844.0,0.6202462911605835,1.202845573425293,0.6090250015258789,0.7857205867767334,0.8767120838165283,0.4546860456466675,21139324.0,0.6207632422447205,1.2038854360580444,0.6099966168403625,0.7870829701423645,0.5791119337081909,0.49005600810050964,0.5787041187286377,0.49291640520095825
64,0.8763755559921265,0.44796308875083923,22379824.0,0.620124101638794,1.202169418334961,0.6091940999031067,0.785510241985321,0.8765852451324463,0.45468375086784363,21139310.0,0.6207514405250549,1.2036536931991577,0.6101172566413879,0.7870512008666992,0.5790725350379944,0.48741647601127625,0.5786857604980469,0.48983854055404663
65,0.8762537837028503,0.4479590356349945,22379808.0,0.6201162338256836,1.201935887336731,0.6092849373817444,0.7854873538017273,0.8765087127685547,0.4546777307987213,21139294.0,0.6207541227340698,1.2035236358642578,0.6101178526878357,0.7870411276817322,0.5790507793426514,0.48450767993927,0.5786406993865967,0.48674067854881287
66,0.876128077507019,0.4479221701622009,22379788.0,0.6202588081359863,1.201577067375183,0.6093474626541138,0.78554767370224,0.8761498928070068,0.4545493423938751,21139264.0,0.6212427020072937,1.2023073434829712,0.6103344559669495,0.7874248623847961,0.579244077205658,0.48160743713378906,0.5786736607551575,0.4838053286075592
67,0.8751527070999146,0.44747093319892883,22379744.0,0.6213187575340271,1.199642300605774,0.6095736026763916,0.7855184674263,0.8753780722618103,0.4541454613208771,21144022.0,0.622506856918335,1.2010109424591064,0.6104721426963806,0.7887916564941406,0.5791575312614441,0.47898420691490173,0.5787411332130432,0.4810444414615631
68,0.8736442923545837,0.44699838757514954,22379646.0,0.6229133009910583,1.198342204093933,0.6104627251625061,0.7859618067741394,0.8735322952270508,0.4536625146865845,21143936.0,0.6237710118293762,1.199536681175232,0.6115893721580505,0.7867536544799805,0.5787515044212341,0.4763221740722656,0.5783874988555908,0.47848817706108093
69,0.8729679584503174,0.4467650055885315,22379596.0,0.6235195994377136,1.1973804235458374,0.6108224987983704,0.7848914265632629,0.8728746771812439,0.4534507989883423,21143842.0,0.6279937028884888,1.198607087135315,0.6116942763328552,0.7858412861824036,0.5787681937217712,0.4740283489227295,0.5784012675285339,0.4759085178375244
70,0.8697072863578796,0.446691632270813,18664336.0,0.6276497840881348,1.1962217092514038,0.6127239465713501,0.7857231497764587,0.8694495558738708,0.4534493386745453,21139534.0,0.6287825703620911,1.1975096464157104,0.6152117848396301,0.7886808514595032,0.5788379907608032,0.4721032381057739,0.5784010291099548,0.47363075613975525
71,0.8671870827674866,0.4469854235649109,14936429.0,0.6297386884689331,1.1926740407943726,0.6113439202308655,0.7838630080223083,0.8672080039978027,0.45375749468803406,21139862.0,0.6309353709220886,1.193243145942688,0.611894965171814,0.7849575877189636,0.578768253326416,0.46990910172462463,0.578522801399231,0.47166070342063904
72,1.0895318984985352,0.4598464369773865,11212393.0,0.8104877471923828,1.5291063785552979,0.6900765299797058,1.1138538122177124,1.3500920534133911,0.4840634763240814,29924.015625,1.034457802772522,1.9257078170776367,0.7653112411499023,1.4959279298782349,0.6041448712348938,0.4872643053531647,0.5886818170547485,0.4806364178657532
73,1.3500210046768188,0.4779689311981201,30127.46484375,1.033861517906189,1.9238494634628296,0.7650240659713745,1.494620680809021,1.3484543561935425,0.4838850796222687,29903.990234375,1.0346202850341797,1.9239507913589478,0.7669706344604492,1.4957199096679688,0.604465126991272,0.4817100465297699,0.603742778301239,0.4842296838760376
74,1.3446418046951294,0.4770577549934387,30057.2734375,1.0348848104476929,1.9171373844146729,0.7680812478065491,1.491688847541809,1.3423547744750977,0.4820282757282257,29812.029296875,1.0367759466171265,1.9154553413391113,0.7686996459960938,1.4910646677017212,0.6034989953041077,0.4807230532169342,0.6032813787460327,0.48192673921585083
75,1.3411059379577637,0.4756286144256592,29981.439453125,1.0392056703567505,1.91046142578125,0.7698428630828857,1.4863883256912231,1.3394731283187866,0.48208120465278625,29752.3515625,1.0423142910003662,1.9135481119155884,0.770974338054657,1.4895814657211304,0.6025049090385437,0.48070380091667175,0.6031529903411865,0.48150545358657837
76,1.3333368301391602,0.4754070043563843,29890.310546875,1.043100118637085,1.9069563150405884,0.7724623680114746,1.4871344566345215,1.3291125297546387,0.4811069965362549,29637.8515625,1.0427457094192505,1.9035354852676392,0.7744076251983643,1.4867018461227417,0.6008433699607849,0.48025214672088623,0.6011152267456055,0.48115119338035583
77,1.3278000354766846,0.47438594698905945,29801.080078125,1.0476049184799194,1.9001414775848389,0.7748211026191711,1.4838157892227173,1.3242865800857544,0.4798840284347534,29542.498046875,1.047587275505066,1.8955477476119995,0.7774623036384583,1.480892300605774,0.5998683571815491,0.4800110161304474,0.6000857949256897,0.4809081256389618
78,1.3222442865371704,0.4733423590660095,29726.9609375,1.0461121797561646,1.8914222717285156,0.7774736285209656,1.4783726930618286,1.3194835186004639,0.4789576530456543,29484.240234375,1.0466899871826172,1.8886237144470215,0.7780131697654724,1.477940559387207,0.5993375778198242,0.4800236225128174,0.5992671251296997,0.4808451235294342
79,1.318878412246704,0.4722896218299866,29672.6484375,1.0485520362854004,1.8873220682144165,0.7769515514373779,1.4771459102630615,1.3163255453109741,0.47796130180358887,29432.65625,1.051876187324524,1.8857966661453247,0.7763606905937195,1.478320598602295,0.5991846919059753,0.47993335127830505,0.5985108613967896,0.4807441532611847
80,1.3121134042739868,0.4714609980583191,29569.0390625,1.054396152496338,1.8762344121932983,0.7758169770240784,1.4747357368469238,1.3069316148757935,0.4778331220149994,29297.87109375,1.0533480644226074,1.8687076568603516,0.7764930129051208,1.4739360809326172,0.5968901515007019,0.47974327206611633,0.5982154607772827,0.4805234968662262
81,1.3029286861419678,0.4711012840270996,29413.220703125,1.059511661529541,1.8606678247451782,0.7781296372413635,1.4692914485931396,1.2944236993789673,0.476624995470047,29108.380859375,1.0686713457107544,1.8553911447525024,0.7766270637512207,1.4686306715011597,0.5949686169624329,0.47933200001716614,0.5944032073020935,0.48036783933639526
82,1.2897363901138306,0.4701673984527588,29228.86328125,1.0719046592712402,1.8459460735321045,0.775654673576355,1.4639352560043335,1.2826159000396729,0.47580909729003906,28903.21484375,1.077555775642395,1.8393419981002808,0.775932788848877,1.4616762399673462,0.5885041356086731,0.4791758954524994,0.592931866645813,0.48004820942878723
83,1.2771233320236206,0.46997013688087463,29017.0546875,1.0744246244430542,1.825262188911438,0.7753286361694336,1.4531490802764893,1.2683801651000977,0.4761880934238434,28670.35546875,1.0724843740463257,1.807843804359436,0.7753908634185791,1.4427895545959473,0.5839397311210632,0.4790229797363281,0.5867127180099487,0.47992148995399475
84,1.2627270221710205,0.469544380903244,28794.775390625,1.07343327999115,1.7993394136428833,0.7760008573532104,1.436686396598816,1.2566545009613037,0.475356787443161,28528.845703125,1.0726416110992432,1.793479323387146,0.7747607827186584,1.433007836341858,0.5830621123313904,0.4785393178462982,0.5831422805786133,0.4796205461025238
85,1.2537548542022705,0.4689069092273712,28668.03515625,1.0732340812683105,1.785610556602478,0.7748512625694275,1.4264315366744995,1.2479833364486694,0.4746622145175934,28362.431640625,1.0785187482833862,1.7800616025924683,0.7758471965789795,1.4139208793640137,0.5813391804695129,0.47818851470947266,0.5817733407020569,0.4793754518032074
86,1.1303242444992065,0.45516741275787354,27567.673828125,0.9022640585899353,1.6030374765396118,0.7878427505493164,1.2983709573745728,1.077439785003662,0.45570072531700134,26848.80078125,0.8412321209907532,1.5251026153564453,0.7880014777183533,1.2522801160812378,0.5569716095924377,0.47609564661979675,0.5638085007667542,0.47775161266326904
87,1.0717830657958984,0.44860604405403137,26841.228515625,0.8536384701728821,1.511937141418457,0.7878332138061523,1.2438222169876099,1.0653600692749023,0.45518675446510315,26447.20703125,0.8637158274650574,1.4952106475830078,0.7901496887207031,1.226304054260254,0.5553238391876221,0.47555017471313477,0.5557467341423035,0.47661247849464417
88,1.0579054355621338,0.44804999232292175,26488.8984375,0.8682540655136108,1.485499382019043,0.7872678637504578,1.2199426889419556,1.0450530052185059,0.45386528968811035,26130.134765625,0.8780249953269958,1.4801501035690308,0.7859396934509277,1.214309573173523,0.5536919236183167,0.47479382157325745,0.5538909435272217,0.47596490383148193
89,1.0383058786392212,0.4467403292655945,26178.265625,0.8799638152122498,1.4669748544692993,0.7849823832511902,1.2061078548431396,1.0307464599609375,0.45308971405029297,25869.986328125,0.8866047263145447,1.4585479497909546,0.7847270965576172,1.2011587619781494,0.5513522624969482,0.4745907783508301,0.5522016286849976,0.47557467222213745
90,1.0230051279067993,0.4457193613052368,25887.080078125,0.8938993215560913,1.444761037826538,0.7859376668930054,1.1907469034194946,1.01395845413208,0.4515245258808136,25556.69921875,0.8999126553535461,1.4328619241714478,0.7875366806983948,1.1808087825775146,0.549658477306366,0.4738335907459259,0.5504628419876099,0.47500455379486084
91,1.0059608221054077,0.4444500207901001,25580.748046875,0.9039126634597778,1.4183396100997925,0.7847578525543213,1.1706691980361938,0.9962546825408936,0.45040515065193176,25242.501953125,0.9079374670982361,1.4049214124679565,0.7836415767669678,1.1587408781051636,0.5484939813613892,0.4730653762817383,0.5485411882400513,0.4743116796016693
92,0.9695509672164917,0.44208207726478577,25089.69140625,0.9177852869033813,1.3780118227005005,0.7805936336517334,1.1474559307098389,0.9511588215827942,0.4477959871292114,24677.8203125,0.9185624718666077,1.351478934288025,0.7818226218223572,1.136401891708374,0.545494019985199,0.47195303440093994,0.5465851426124573,0.4733749032020569
93,0.9233777523040771,0.4403362572193146,24479.462890625,0.912448525428772,1.3118788003921509,0.7832316756248474,1.1130255460739136,0.9120316505432129,0.4465751349925995,24113.982421875,0.9108390212059021,1.2864316701889038,0.7817800641059875,1.0980117321014404,0.5438540577888489,0.4711111783981323,0.5437263250350952,0.47231754660606384
94,0.8950791358947754,0.4395727515220642,23975.548828125,0.904740035533905,1.2504911422729492,0.7767848968505859,1.0808430910110474,0.8796425461769104,0.4461437463760376,23608.27734375,0.9049730896949768,1.2273343801498413,0.7761170268058777,1.0728732347488403,0.5382940173149109,0.47006845474243164,0.5398014783859253,0.4714163839817047
95,0.8688960671424866,0.43777644634246826,23569.44921875,0.9005822539329529,1.2085528373718262,0.7727630734443665,1.055029034614563,0.8547613620758057,0.4436650276184082,23141.52734375,0.8961533904075623,1.1842341423034668,0.7691497802734375,1.0258702039718628,0.5370913743972778,0.46904298663139343,0.5376953482627869,0.4705710709095001
96,0.8393422961235046,0.4341543912887573,22981.7421875,0.8898125290870667,1.143251895904541,0.7678224444389343,1.0034270286560059,0.8244442343711853,0.4399321973323822,22554.15234375,0.884401261806488,1.1069600582122803,0.7679819464683533,0.9846872687339783,0.5352004170417786,0.46812498569488525,0.535839855670929,0.469461590051651
97,0.8052056431770325,0.4324149787425995,22329.55078125,0.8747687935829163,1.066544771194458,0.7643595933914185,0.956199586391449,0.788808286190033,0.4385536015033722,21896.638671875,0.8661453127861023,1.033262014389038,0.7668431401252747,0.9341581463813782,0.5320506691932678,0.46662357449531555,0.5327774882316589,0.46829846501350403
98,0.7648890614509583,0.4295389950275421,3749451.25,0.8567240834236145,0.993582546710968,0.7575470209121704,0.9087012410163879,0.7450341582298279,0.43396076560020447,21126.306640625,0.8480895161628723,0.9581039547920227,0.7513526082038879,0.8782870769500732,0.5296810269355774,0.4638500213623047,0.5301739573478699,0.46603924036026
99,0.710643470287323,0.643133282661438,3366360064.0,0.8611563444137573,1.1496726274490356,0.8114356398582458,0.891690194606781,0.6697172522544861,1.3138427734375,26522.9375,0.9568526148796082,2.129363775253296,0.9060288071632385,1.1526457071304321,0.5197628736495972,0.5245735049247742,0.5263308882713318,0.47647520899772644
100,0.6661422848701477,1.3135164976119995,26455.669921875,0.9356186985969543,2.12737774848938,0.8777628540992737,1.1496593952178955,0.6655911207199097,1.3144915103912354,26112.115234375,0.9178434014320374,2.128268241882324,0.8528988361358643,1.1492576599121094,0.5196935534477234,0.4802975654602051,0.5191152095794678,0.4947200119495392
101,0.6583939790725708,1.3138407468795776,26128.6015625,0.8837927579879761,2.1240627765655518,0.8336889147758484,1.1443874835968018,0.6516361236572266,1.313883662223816,25775.431640625,0.8536165356636047,2.1232283115386963,0.8122067451477051,1.1383427381515503,0.5195886492729187,0.47813284397125244,0.518965482711792,0.480147123336792
102,0.6441945433616638,1.3138604164123535,3753623.25,0.8365027904510498,2.1210293769836426,0.7785251140594482,1.1361713409423828,0.6377729773521423,1.3139623403549194,21139034.0,0.8188040852546692,2.121535539627075,0.7576035857200623,1.1363343000411987,0.5194940567016602,0.47781577706336975,0.5188493132591248,0.47933337092399597
103,0.6293347477912903,1.3127776384353638,3753646.25,0.819758951663971,2.1222214698791504,0.7366065979003906,1.1356589794158936,0.6299932599067688,1.3080238103866577,26015.380859375,1.0846799612045288,2.167154550552368,0.6972429156303406,1.1519814729690552,0.5196055173873901,0.4772413969039917,0.5187420845031738,0.4791419804096222
104,0.6271154284477234,1.308292269706726,26237.8671875,1.1052616834640503,2.1663730144500732,0.6822158098220825,1.1519653797149658,0.6176092624664307,1.3083163499832153,26004.5078125,1.1057155132293701,2.1677098274230957,0.6689897179603577,1.1526275873184204,0.5195789337158203,0.47712716460227966,0.5189458131790161,0.4786466062068939
105,0.6154623031616211,1.3086676597595215,26136.974609375,1.0991719961166382,2.165557622909546,0.6621592044830322,1.144929051399231,0.6127561926841736,1.3088709115982056,25892.5625,1.0923165082931519,2.166348457336426,0.65764981508255,1.137860655784607,0.5192487835884094,0.47687986493110657,0.518588662147522,0.47838538885116577
106,0.6080989837646484,1.3089488744735718,26046.5078125,1.0894969701766968,2.1640067100524902,0.6561776399612427,1.135930061340332,0.6070919632911682,1.3091884851455688,25851.333984375,1.0880829095840454,2.1647918224334717,0.6547513604164124,1.1365456581115723,0.5191871523857117,0.47648003697395325,0.5185307264328003,0.4779971241950989
107,0.5984938740730286,1.309277057647705,25972.138671875,1.081046462059021,2.1624934673309326,0.6536327600479126,1.1333669424057007,0.5913841128349304,1.3103442192077637,25726.533203125,1.073474645614624,2.163519859313965,0.6506624817848206,1.131711483001709,0.5189059376716614,0.4763256311416626,0.518325924873352,0.4777744710445404
108,0.5876732468605042,1.3101133108139038,25853.650390625,1.0655040740966797,2.160011053085327,0.6539300084114075,1.127079725265503,0.582478940486908,1.3109995126724243,25628.900390625,1.0620571374893188,2.158506155014038,0.6568633317947388,1.1266601085662842,0.5182456970214844,0.476040244102478,0.5178651213645935,0.4774888753890991
109,0.5780825018882751,1.3116096258163452,25771.611328125,1.0582389831542969,2.154076099395752,0.6527688503265381,1.1232777833938599,0.5767806172370911,1.313048243522644,25553.220703125,1.051161527633667,2.152473211288452,0.6517795920372009,1.1221342086791992,0.5179930329322815,0.4758393466472626,0.5174846649169922,0.477311372756958
110,0.5691437721252441,1.312699794769287,25660.4921875,1.0447421073913574,2.149165153503418,0.6504964232444763,1.1153484582901,0.5644170045852661,1.312780737876892,25441.322265625,1.0421279668807983,2.14876389503479,0.6501190066337585,1.1147724390029907,0.5175662040710449,0.475567102432251,0.5171756744384766,0.47705724835395813
111,0.5597553849220276,1.3121761083602905,25521.865234375,1.0257372856140137,2.14443039894104,0.6466445922851562,1.1057137250900269,0.5569480061531067,1.3131698369979858,25270.853515625,1.018784999847412,2.1432979106903076,0.6442307233810425,1.0965157747268677,0.5173769593238831,0.4753565490245819,0.5167547464370728,0.47690749168395996
112,0.5503122806549072,1.31515371799469,25394.25390625,1.0146929025650024,2.1398966312408447,0.6490830183029175,1.0904159545898438,0.5474772453308105,1.3166409730911255,25152.181640625,1.0114139318466187,2.140043258666992,0.6537578701972961,1.0796667337417603,0.5169050693511963,0.4752236604690552,0.5165338516235352,0.4766785502433777
113,0.5455881953239441,1.3154985904693604,25259.001953125,1.0026055574417114,2.1350553035736084,0.6498335599899292,1.0701881647109985,0.5417167544364929,1.3168256282806396,24991.708984375,0.9933241009712219,2.1340110301971436,0.6484570503234863,1.0593355894088745,0.5167415738105774,0.47491565346717834,0.5160690546035767,0.4764043986797333
114,0.5341616272926331,1.3170477151870728,25018.4140625,0.9619365334510803,2.1288065910339355,0.6462723016738892,1.0541132688522339,0.5310857892036438,1.3193954229354858,24711.212890625,0.9396092891693115,2.1263856887817383,0.6470717191696167,1.042075514793396,0.5160432457923889,0.47471940517425537,0.5156344771385193,0.4761510193347931
115,0.5276415348052979,1.3189449310302734,24771.1796875,0.9196271300315857,2.1216788291931152,0.6454228758811951,1.0322502851486206,0.5264306664466858,1.3189529180526733,24487.396484375,0.9076235294342041,2.120549440383911,0.6513654589653015,1.0164045095443726,0.5153328776359558,0.47415968775749207,0.5149115324020386,0.47576904296875
116,0.5221294164657593,1.3194326162338257,24569.32421875,0.8930239081382751,2.1144275665283203,0.6442216634750366,1.0087597370147705,0.5202337503433228,1.320752501487732,24341.6015625,0.8855705261230469,2.112074375152588,0.6431714296340942,1.0046967267990112,0.5145613551139832,0.47388365864753723,0.514285683631897,0.47533997893333435
117,0.5167673826217651,1.3218404054641724,24385.67578125,0.8717590570449829,2.106187105178833,0.6437180042266846,0.9849618673324585,0.5156686902046204,1.325027346611023,24109.361328125,0.8606038093566895,2.10416579246521,0.6426399946212769,0.9687994122505188,0.5139461159706116,0.47365549206733704,0.5135357975959778,0.47511914372444153
118,0.5104795098304749,1.3260858058929443,24086.4609375,0.8280367851257324,2.0961239337921143,0.6405682563781738,0.9491571187973022,0.5098084807395935,1.3283735513687134,23748.912109375,0.7966689467430115,2.0917835235595703,0.6385729908943176,0.9320364594459534,0.5133212804794312,0.47344231605529785,0.5129155516624451,0.4748882055282593
119,0.5054538249969482,1.3272823095321655,23770.552734375,0.7649737000465393,2.0830116271972656,0.6393758654594421,0.9239380359649658,0.5037133693695068,1.3276125192642212,23508.119140625,0.7501954436302185,2.078174591064453,0.63744056224823,0.9155569672584534,0.5122758746147156,0.4729412794113159,0.5121545791625977,0.47449254989624023
120,0.5004083514213562,1.3318355083465576,23517.61328125,0.737049400806427,2.0708348751068115,0.6368631720542908,0.8859686851501465,0.49877122044563293,1.3351083993911743,23199.0390625,0.7157599329948425,2.0656135082244873,0.6334842443466187,0.863535463809967,0.5118042826652527,0.47251126170158386,0.5113367438316345,0.4740402400493622
121,0.49581608176231384,1.337935209274292,23192.623046875,0.690446674823761,2.058156728744507,0.6343036890029907,0.8371379971504211,0.49381783604621887,1.3423579931259155,22892.28125,0.6616856455802917,2.05328106880188,0.6327514052391052,0.8216373920440674,0.5109078884124756,0.4720878601074219,0.5106605887413025,0.4735788106918335
122,0.49109703302383423,1.3433841466903687,3750743.5,0.6369286775588989,2.0451908111572266,0.6315727233886719,0.8062127232551575,0.489063024520874,1.3448896408081055,22622.25390625,0.615200936794281,2.0388967990875244,0.6353321075439453,0.7888030409812927,0.5099625587463379,0.47142040729522705,0.5095903277397156,0.47307056188583374
123,0.4850463271141052,1.3440814018249512,7478263.5,0.6021988987922668,2.029301643371582,0.6293379068374634,0.7556232213973999,0.48312172293663025,1.3453187942504883,22330.509765625,0.5906992554664612,2.0237882137298584,0.6273857951164246,0.7295202612876892,0.5088106393814087,0.4710237979888916,0.5085709691047668,0.47250714898109436
124,0.4774182438850403,1.3449528217315674,7478009.5,0.5770792365074158,2.0167176723480225,0.6260227560997009,0.7158694863319397,0.4745695888996124,1.345452904701233,22090.171875,0.5585511326789856,2.013073682785034,0.6264582276344299,0.691692054271698,0.507942795753479,0.47011110186576843,0.5076469779014587,0.47185471653938293
125,0.46979424357414246,1.343253493309021,14933416.0,0.5503411293029785,2.0070877075195312,0.6214382648468018,0.6762076020240784,0.46688494086265564,1.3418198823928833,42248932.0,0.5387560129165649,2.0021939277648926,0.6226263046264648,0.6589717268943787,0.5065376162528992,0.4692525863647461,0.5063313841819763,0.47087255120277405
126,0.46314942836761475,1.3650928735733032,22471.0078125,0.7115920186042786,2.0208287239074707,0.6191772818565369,0.6452608108520508,0.46123066544532776,1.3623183965682983,22136.11328125,0.6788694262504578,2.012763261795044,0.6207269430160522,0.6394045948982239,0.5048034191131592,0.4679543077945709,0.5050188302993774,0.46975642442703247
127,0.45685020089149475,1.3584362268447876,22116.830078125,0.6402660608291626,2.0019261837005615,0.6135048270225525,0.630595862865448,0.4554333984851837,1.3525782823562622,21795.62890625,0.602573573589325,1.9945424795150757,0.6206157803535461,0.6276089549064636,0.5028036832809448,0.46681132912635803,0.5031262636184692,0.4685080051422119
128,0.45062002539634705,1.343626618385315,3749625.5,0.5732800364494324,1.9861578941345215,0.6092257499694824,0.6251539587974548,0.4472770392894745,1.337369441986084,21509.625,0.5393527746200562,1.9817951917648315,0.6067626476287842,0.6241269111633301,0.5008711814880371,0.4653379023075104,0.5010040402412415,0.46719154715538025
129,0.44145917892456055,1.331084966659546,3749365.25,0.5238507986068726,1.9755462408065796,0.6049100756645203,0.6140792965888977,0.4375196397304535,1.3253310918807983,21286.908203125,0.5063213109970093,1.9733333587646484,0.6038710474967957,0.613589346408844,0.4988633692264557,0.46387362480163574,0.49923449754714966,0.46568596363067627
130,0.4365898370742798,1.3738218545913696,22024.716796875,0.692496657371521,1.9532697200775146,0.6012507677078247,0.6043156385421753,0.4353771209716797,1.369362235069275,21694.259765625,0.6683640480041504,1.9451537132263184,0.6003369688987732,0.6061745285987854,0.4967009723186493,0.4620356261730194,0.49713510274887085,0.4637221395969391
131,0.430703341960907,1.3613247871398926,3749426.25,0.6178694367408752,1.9315394163131714,0.5938952565193176,0.6020128130912781,0.42808493971824646,1.3537863492965698,21217.998046875,0.5666940808296204,1.9218138456344604,0.5876448154449463,0.597621500492096,0.49405717849731445,0.46082618832588196,0.4947067201137543,0.4625243842601776
132,0.4213670492172241,1.3449575901031494,7476848.5,0.5417861938476562,1.912166953086853,0.5889593362808228,0.5991391539573669,0.41593673825263977,1.3380056619644165,21134408.0,0.5003113746643066,1.9045418500900269,0.5881444811820984,0.6048241853713989,0.4910009205341339,0.4595693349838257,0.4916972219944,0.4613712728023529
133,0.40916910767555237,1.3178480863571167,7466860.5,0.5161281824111938,1.903775930404663,0.582934558391571,0.601723849773407,0.40393152832984924,1.30239999294281,21134118.0,0.4977863132953644,1.899436354637146,0.5806006789207458,0.6019505858421326,0.48776161670684814,0.4583129584789276,0.4888603985309601,0.4599863588809967
134,0.3959293067455292,1.2955416440963745,11194450.0,0.511979341506958,1.8936656713485718,0.5778361558914185,0.598550021648407,0.38801589608192444,1.2952293157577515,20623.26953125,0.5730872750282288,1.9000515937805176,0.5712408423423767,0.5965541005134583,0.4849216639995575,0.45622479915618896,0.4857555031776428,0.4583766758441925
135,0.38128861784935,1.2795124053955078,7476124.5,0.5237109661102295,1.879433274269104,0.5713776350021362,0.5925865769386292,0.37489816546440125,1.2612849473953247,20238.4375,0.5316476225852966,1.8805170059204102,0.5738456845283508,0.6011695265769958,0.481667160987854,0.45463183522224426,0.48255303502082825,0.4564724266529083
136,0.3659139573574066,1.2474130392074585,14931374.0,0.47553128004074097,1.864058494567871,0.5658085346221924,0.590743899345398,0.357628732919693,1.234490156173706,42246812.0,0.4447653293609619,1.8579764366149902,0.5671850442886353,0.5795438885688782,0.4777246415615082,0.45283326506614685,0.47908762097358704,0.4547577500343323
137,0.3471994400024414,1.2216389179229736,18658862.0,0.45745760202407837,1.8479667901992798,0.5594640374183655,0.5838285088539124,0.33794304728507996,1.2084600925445557,42246448.0,0.43668675422668457,1.8342002630233765,0.5583406090736389,0.5876676440238953,0.47312283515930176,0.4510757029056549,0.47494596242904663,0.4530024826526642
138,0.32798948884010315,1.195409893989563,14930769.0,0.46190929412841797,1.8319367170333862,0.5528630614280701,0.5842769145965576,0.31951746344566345,1.1733713150024414,42246108.0,0.4080282747745514,1.812446117401123,0.5484172701835632,0.5830819010734558,0.4685352146625519,0.44913312792778015,0.47028374671936035,0.45124608278274536
139,0.31680208444595337,1.2398560047149658,21088.08203125,0.7783159613609314,1.8900363445281982,0.5459961891174316,0.5837467312812805,0.3091600239276886,1.2399688959121704,20880.98046875,0.7884660363197327,1.8858981132507324,0.547839343547821,0.58004230260849,0.4631159007549286,0.4471379816532135,0.4653030037879944,0.4491729736328125
140,0.3047090470790863,1.2247722148895264,20721.8828125,0.7474806904792786,1.8630754947662354,0.5398051142692566,0.5739251375198364,0.301320344209671,1.2131074666976929,20232.859375,0.6978731751441956,1.8487821817398071,0.5409361124038696,0.5743281245231628,0.4584215581417084,0.44508686661720276,0.46022287011146545,0.4470849633216858
141,0.2948853373527527,1.1940054893493652,20038.44140625,0.6555079221725464,1.8286502361297607,0.5349118113517761,0.5732592344284058,0.29009050130844116,1.1767456531524658,19603.275390625,0.6231957674026489,1.8048588037490845,0.5334261655807495,0.5741882920265198,0.4539400339126587,0.4427439868450165,0.4557172656059265,0.44485822319984436
142,0.28266996145248413,1.1549299955368042,19253.8125,0.5594979524612427,1.780344843864441,0.5302181243896484,0.5708246231079102,0.27593356370925903,1.1297398805618286,18651.900390625,0.505184531211853,1.747646689414978,0.5288744568824768,0.5750728845596313,0.4482143223285675,0.44101905822753906,0.4507367014884949,0.442827433347702
143,0.26737678050994873,1.0988619327545166,18363.705078125,0.45913898944854736,1.7159545421600342,0.5253146886825562,0.5693552494049072,0.26055777072906494,1.0663379430770874,17784.45703125,0.4049180746078491,1.683345913887024,0.5249666571617126,0.5663828253746033,0.4423386752605438,0.43944239616394043,0.4450703561306,0.4411669373512268
144,0.2527451515197754,1.0326430797576904,3745400.75,0.36965519189834595,1.6604381799697876,0.520363450050354,0.5681963562965393,0.24837128818035126,0.9975333213806152,17185.44140625,0.3501335680484772,1.6359001398086548,0.5174717307090759,0.5672416687011719,0.4376823902130127,0.4383818805217743,0.43987730145454407,0.43992963433265686
145,0.37997308373451233,1.1322367191314697,2210902016.0,0.48964551091194153,1.8824501037597656,0.5540180206298828,0.645026445388794,0.7831878066062927,1.6610738039016724,27770.744140625,0.9866644740104675,3.1367313861846924,0.5827466249465942,1.0399001836776733,0.48115274310112,0.622371256351471,0.46036747097969055,0.489582896232605
146,0.7744636535644531,1.6666569709777832,27721.919921875,0.9860179424285889,3.136456251144409,0.5667510628700256,1.037851095199585,0.7709442973136902,1.6640020608901978,27345.99609375,0.9848301410675049,3.136431932449341,0.5546624660491943,1.0388718843460083,0.47039446234703064,0.5879841446876526,0.4747557044029236,0.6048662066459656
147,0.7676185965538025,1.66462242603302,27378.92578125,0.9823479056358337,3.1324615478515625,0.553368866443634,1.0376793146133423,0.7633621692657471,1.666125774383545,27050.513671875,0.9807639718055725,3.131847381591797,0.5495827794075012,1.0387036800384521,0.4633094072341919,0.5519804954528809,0.46637144684791565,0.5681843757629395
148,0.7589060664176941,1.6663923263549805,27120.443359375,0.9783788323402405,3.1278676986694336,0.5458846092224121,1.037467122077942,0.7522909045219421,1.6676000356674194,26816.859375,0.9767659306526184,3.127176284790039,0.5397147536277771,1.0384224653244019,0.45725342631340027,0.5283451676368713,0.4599848687648773,0.538939893245697
149,0.7506260275840759,1.6677680015563965,26925.431640625,0.9754031896591187,3.1238820552825928,0.5392999053001404,1.0371513366699219,0.7493099570274353,1.6689176559448242,26648.453125,0.9751195907592773,3.1240835189819336,0.5347086787223816,1.037812352180481,0.4520203769207001,0.5072445869445801,0.45433855056762695,0.519419252872467
150,0.7490238547325134,1.669089913368225,26780.9296875,0.9734606146812439,3.120884895324707,0.5333414077758789,1.036675214767456,0.7399948239326477,1.670433521270752,26501.8828125,0.9721543192863464,3.1205499172210693,0.5320963263511658,1.0377082824707031,0.4474107027053833,0.4958844482898712,0.44940412044525146,0.5016860365867615
151,0.7373952865600586,1.6700990200042725,26638.1171875,0.9711542129516602,3.117833137512207,0.5283175110816956,1.0363681316375732,0.7299937605857849,1.6705361604690552,26372.15625,0.9704675078392029,3.117828130722046,0.5267043709754944,1.0370876789093018,0.4431963264942169,0.487748384475708,0.4450063705444336,0.4931102991104126
152,0.7220438122749329,1.6700514554977417,26492.05859375,0.9692395329475403,3.114863395690918,0.5240102410316467,1.0359156131744385,0.7181252837181091,1.6704412698745728,26262.205078125,0.9689960479736328,3.115509271621704,0.5156046748161316,1.0369460582733154,0.43949511647224426,0.483949214220047,0.441044420003891,0.4864403307437897
153,0.7140273451805115,1.659341812133789,26392.48828125,0.9683997631072998,3.11323618888855,0.5204787850379944,1.0357751846313477,0.7068901658058167,1.6577666997909546,26153.80078125,0.9686996936798096,3.1140613555908203,0.5190231204032898,1.0365794897079468,0.4366872012615204,0.4802945554256439,0.4377157688140869,0.4823753535747528
154,0.7014946937561035,1.6574158668518066,26297.962890625,0.9677104949951172,3.1111419200897217,0.5181131362915039,1.035322666168213,0.6993735432624817,1.6577115058898926,26090.369140625,0.9680240750312805,3.111945152282715,0.5106795430183411,1.0360664129257202,0.4349602460861206,0.4789445698261261,0.4355548024177551,0.48050788044929504
155,0.68892902135849,1.6570273637771606,26214.615234375,0.9675330519676208,3.109463691711426,0.5161840915679932,1.034870982170105,0.681914746761322,1.6566405296325684,25987.3125,0.9677923321723938,3.110150098800659,0.5114265084266663,1.0358281135559082,0.4333048164844513,0.4782276451587677,0.4339190423488617,0.4794749915599823
156,0.6703426241874695,1.6538126468658447,26104.92578125,0.9672857522964478,3.107541561126709,0.5142243504524231,1.034449577331543,0.6595112085342407,1.6513590812683105,25860.23046875,0.96832275390625,3.1089236736297607,0.5158889889717102,1.0351665019989014,0.4313794672489166,0.477775901556015,0.43224549293518066,0.4788001477718353
157,0.6474208235740662,1.6506856679916382,25973.392578125,0.9676812887191772,3.1054935455322266,0.5127148032188416,1.0311686992645264,0.6362898349761963,1.6505361795425415,25726.76171875,0.9675061702728271,3.1056110858917236,0.5111779570579529,1.0295919179916382,0.43057718873023987,0.4778200089931488,0.4307834506034851,0.4787346422672272
158,0.6214833855628967,1.6496942043304443,25832.841796875,0.9658518433570862,3.1008687019348145,0.5115275979042053,1.0280430316925049,0.6098346710205078,1.6457098722457886,25586.337890625,0.9645835757255554,3.0986478328704834,0.5116474628448486,1.0285981893539429,0.4297535717487335,0.47816789150238037,0.4298744201660156,0.47890400886535645
159,0.6017946600914001,1.645568609237671,25722.998046875,0.9631657600402832,3.0943446159362793,0.5106444358825684,1.0272061824798584,0.5903823375701904,1.6466503143310547,25482.837890625,0.9619829058647156,3.0927934646606445,0.5087407231330872,1.0279288291931152,0.4288085997104645,0.47838088870048523,0.4291316568851471,0.47916409373283386
160,0.5831617712974548,1.6448215246200562,25614.369140625,0.9595798850059509,3.0859949588775635,0.5095837116241455,1.0256553888320923,0.5738485455513,1.6431913375854492,25379.1171875,0.9577405452728271,3.0836381912231445,0.50355464220047,1.026023268699646,0.42811790108680725,0.4783971607685089,0.4283102750778198,0.479229599237442
161,0.5522586703300476,1.6440569162368774,25455.009765625,0.9544353485107422,3.075084924697876,0.5086145997047424,1.0240520238876343,0.5394509434700012,1.6402530670166016,25202.732421875,0.9521002769470215,3.070622205734253,0.5075801014900208,1.0243961811065674,0.4272474944591522,0.47917577624320984,0.4276052415370941,0.4796382486820221
162,0.5331739187240601,1.6414774656295776,25326.294921875,0.947709858417511,3.0590600967407227,0.5079233050346375,1.0210902690887451,0.524780809879303,1.6429437398910522,25087.72265625,0.9443848729133606,3.0518887042999268,0.5095869302749634,1.0201492309570312,0.4268289804458618,0.4791332483291626,0.4269716143608093,0.47981637716293335
163,0.5112878680229187,1.6357808113098145,25174.896484375,0.9393033385276794,3.039923906326294,0.5072222352027893,1.0173213481903076,0.4984014928340912,1.6312255859375,24911.765625,0.9345991611480713,3.0303914546966553,0.500584065914154,1.0167218446731567,0.42596104741096497,0.4795965254306793,0.4262630343437195,0.4801698625087738
164,0.49034765362739563,1.6276321411132812,25025.69921875,0.929591715335846,3.0193514823913574,0.5067219734191895,1.014406681060791,0.47713494300842285,1.623884677886963,24767.306640625,0.9248945713043213,3.011528730392456,0.5042534470558167,1.0141123533248901,0.42553356289863586,0.47979477047920227,0.4255778193473816,0.4806312024593353
165,0.46505069732666016,1.623146891593933,24873.65625,0.9186873435974121,2.9988505840301514,0.5069284439086914,1.0120422840118408,0.4583158791065216,1.6207771301269531,24638.90625,0.9125372767448425,2.9892923831939697,0.5086900591850281,1.012453556060791,0.4256177246570587,0.48110198974609375,0.42559415102005005,0.4811517596244812
166,0.44800320267677307,1.621472954750061,24738.25,0.9054644107818604,2.975874900817871,0.5071144700050354,1.0088881254196167,0.44182291626930237,1.622033953666687,24508.392578125,0.9008280634880066,2.9686028957366943,0.5019022226333618,1.0083264112472534,0.4250047504901886,0.4816880226135254,0.42539337277412415,0.4820069968700409
167,0.4408695101737976,1.6125524044036865,24632.83203125,0.8954532146453857,2.9596309661865234,0.5059180855751038,1.006492018699646,0.4389166831970215,1.6055580377578735,24403.98046875,0.8907406330108643,2.9532573223114014,0.5059340000152588,1.0062090158462524,0.42378270626068115,0.4806262254714966,0.42437827587127686,0.4819374084472656
168,0.43392494320869446,1.5998077392578125,24510.6640625,0.8846487402915955,2.942253351211548,0.504245936870575,1.0036637783050537,0.42968109250068665,1.5981858968734741,24287.3671875,0.8798708915710449,2.9375617504119873,0.5013819336891174,1.0037050247192383,0.4220782220363617,0.48039138317108154,0.42262208461761475,0.4812052547931671
169,0.4254993796348572,1.5910167694091797,24393.65625,0.8743395805358887,2.926251173019409,0.5028202533721924,0.9997446537017822,0.42465296387672424,1.5836375951766968,24165.466796875,0.8693478107452393,2.9191324710845947,0.4955020844936371,0.998849630355835,0.4203251898288727,0.4800800085067749,0.42124348878860474,0.48080676794052124
170,0.41988733410835266,1.5713942050933838,24258.2265625,0.8632341623306274,2.908184766769409,0.5009372234344482,0.9939404726028442,0.41930750012397766,1.5633996725082397,24011.0078125,0.8558118343353271,2.899099111557007,0.5005877017974854,0.9904589653015137,0.4188329875469208,0.4790138900279999,0.4195004999637604,0.4802117347717285
171,0.4156627953052521,1.5538278818130493,24106.51171875,0.8489481806755066,2.8869822025299072,0.4990271329879761,0.9878169298171997,0.41311731934547424,1.5499334335327148,23878.267578125,0.8427283763885498,2.879438638687134,0.502044141292572,0.9875224232673645,0.41662314534187317,0.47838523983955383,0.4174667298793793,0.4792596101760864
172,0.41197946667671204,1.5327240228652954,23962.166015625,0.8345128893852234,2.8658413887023926,0.4972934126853943,0.9834502935409546,0.41253724694252014,1.5249814987182617,23709.236328125,0.8241982460021973,2.8518035411834717,0.49867579340934753,0.9821515083312988,0.41488590836524963,0.4773263931274414,0.41567280888557434,0.47851693630218506
173,0.41107049584388733,1.512442946434021,23779.298828125,0.8155347108840942,2.837754487991333,0.4956943690776825,0.974819004535675,0.41022706031799316,1.500641942024231,23511.47265625,0.8054354786872864,2.8252413272857666,0.49302878975868225,0.9725516438484192,0.4125921428203583,0.4764106273651123,0.4138372540473938,0.47755318880081177
174,0.40701937675476074,1.4884121417999268,23572.498046875,0.7944039106369019,2.8072469234466553,0.4928395450115204,0.9684924483299255,0.408670574426651,1.4727307558059692,23310.1015625,0.7843389511108398,2.792325258255005,0.4839833676815033,0.965962827205658,0.41023001074790955,0.4752432405948639,0.4112701117992401,0.47640275955200195
175,0.40481510758399963,1.4575856924057007,23367.7421875,0.7738561034202576,2.775351047515869,0.4902370870113373,0.9629522562026978,0.4040188491344452,1.4404230117797852,23094.80859375,0.7629229426383972,2.7601382732391357,0.494616836309433,0.9616436958312988,0.4071011245250702,0.4739474058151245,0.40874791145324707,0.47522109746932983
176,0.40254780650138855,1.419973373413086,23126.587890625,0.7517238259315491,2.741255760192871,0.4874582886695862,0.9536482095718384,0.4026680290699005,1.4023369550704956,22803.9140625,0.7390133738517761,2.7223739624023438,0.48476728796958923,0.939805269241333,0.4043898582458496,0.4731096029281616,0.4058617949485779,0.47402673959732056
177,0.40079501271247864,1.3710380792617798,22829.0234375,0.7267541885375977,2.702033042907715,0.4843030869960785,0.9365503191947937,0.40015825629234314,1.3526811599731445,22533.443359375,0.7144775390625,2.682784080505371,0.48413899540901184,0.9314047694206238,0.4011349678039551,0.4713957607746124,0.40280744433403015,0.47265708446502686
178,0.39593827724456787,1.318761944770813,22555.4609375,0.7043495774269104,2.6633853912353516,0.4812169373035431,0.9267702698707581,0.3954402208328247,1.2901359796524048,22261.212890625,0.6932084560394287,2.6462290287017822,0.47616100311279297,0.92416912317276,0.39814838767051697,0.4694197475910187,0.39966246485710144,0.4708571434020996
179,0.3908032774925232,1.2637099027633667,22268.205078125,0.6816003918647766,2.623272180557251,0.4781288802623749,0.9188342690467834,0.3893507719039917,1.235585331916809,21958.283203125,0.668599545955658,2.6007800102233887,0.47565364837646484,0.9157436490058899,0.39542391896247864,0.46672138571739197,0.3966403305530548,0.46836426854133606
180,0.3835190534591675,1.2026164531707764,21944.705078125,0.6599715352058411,2.5829906463623047,0.4745074212551117,0.9049678444862366,0.3806621730327606,1.169676661491394,21625.529296875,0.6474760174751282,2.5627706050872803,0.47090932726860046,0.9004682898521423,0.39133504033088684,0.46420422196388245,0.39306724071502686,0.4657999873161316
181,0.3752838969230652,1.1337430477142334,21609.849609375,0.6379056572914124,2.5414440631866455,0.4711652994155884,0.8916874527931213,0.3733588457107544,1.099023461341858,21288.279296875,0.6257997751235962,2.5203049182891846,0.4754800498485565,0.88641357421875,0.38801109790802,0.4622516334056854,0.389680951833725,0.46368473768234253
182,0.35828694701194763,1.0424060821533203,21759.91015625,0.7049359679222107,2.576784610748291,0.4662014842033386,0.8811861872673035,0.3552263081073761,0.9994068145751953,21639.107421875,0.7517598271369934,2.611387014389038,0.46673786640167236,0.8777853846549988,0.3834904730319977,0.45951128005981445,0.3851470351219177,0.46170204877853394
183,0.35383570194244385,0.957726776599884,21645.107421875,0.74202960729599,2.5958292484283447,0.46347150206565857,0.8679501414299011,0.354178786277771,0.919062614440918,21350.43359375,0.7335293292999268,2.580902099609375,0.45972999930381775,0.8595362305641174,0.3824765384197235,0.4577738344669342,0.38304293155670166,0.4590878188610077
184,0.34920474886894226,0.86768639087677,21333.455078125,0.7260748147964478,2.565093517303467,0.4626530706882477,0.84426349401474,0.3461736738681793,0.8276633620262146,21038.384765625,0.7168211936950684,2.549760103225708,0.45607614517211914,0.8379341959953308,0.38190531730651855,0.4559023678302765,0.3821357488632202,0.4572688639163971
185,0.340681254863739,0.7865414023399353,21047.87109375,0.7086920142173767,2.5300216674804688,0.4618127644062042,0.8316916823387146,0.33702102303504944,0.747718095779419,20749.1171875,0.7006368637084961,2.512455701828003,0.4599897563457489,0.8252690434455872,0.3803952932357788,0.45448386669158936,0.3815034031867981,0.45564427971839905
186,0.332242876291275,0.7074781060218811,20722.880859375,0.6887466311454773,2.4895005226135254,0.46110281348228455,0.8156334757804871,0.3288170397281647,0.6688942313194275,20400.474609375,0.6767882704734802,2.468724489212036,0.46047505736351013,0.8106680512428284,0.37993064522743225,0.45231935381889343,0.3806579113006592,0.45370280742645264
187,0.3212442696094513,0.6330507397651672,20344.08203125,0.6626161932945251,2.440561056137085,0.4605407416820526,0.8011552691459656,0.3167895972728729,0.6008535623550415,19978.439453125,0.6495121121406555,2.4151651859283447,0.458236962556839,0.7843306660652161,0.37982967495918274,0.45002129673957825,0.3799954652786255,0.4513910710811615
188,0.3086610734462738,0.5715751051902771,3747733.5,0.6354988217353821,2.3887507915496826,0.46048304438591003,0.7740079760551453,0.3040844798088074,0.5496784448623657,21133058.0,0.6187216639518738,2.3592116832733154,0.46096184849739075,0.7634913921356201,0.37872910499572754,0.44730058312416077,0.37971147894859314,0.44914811849594116
189,0.2954484522342682,0.5237218737602234,11202866.0,0.6013279557228088,2.326685905456543,0.4596877992153168,0.7423176765441895,0.2893364131450653,0.5100404024124146,21132568.0,0.5845171213150024,2.297959327697754,0.46162328124046326,0.7364869713783264,0.37859809398651123,0.44462069869041443,0.37867027521133423,0.446505606174469
190,0.2856947183609009,0.4831884503364563,28472032.0,0.5809690952301025,2.272244930267334,0.4579331576824188,0.7274823784828186,0.2936117649078369,0.45744895935058594,21133172.0,0.6786158084869385,2.293105363845825,0.45353999733924866,0.6952345371246338,0.37169256806373596,0.44331827759742737,0.37715208530426025,0.4440380334854126
191,0.2747208774089813,0.4466286897659302,22386150.0,0.6629800200462341,2.2724788188934326,0.4511914849281311,0.6801258325576782,0.2722019851207733,0.4476233422756195,42245896.0,0.6443539261817932,2.247878313064575,0.4550354778766632,0.6701302528381348,0.36924299597740173,0.4408436715602875,0.37110891938209534,0.44264256954193115
192,0.26678794622421265,0.43655920028686523,18657952.0,0.6231187582015991,2.2328877449035645,0.4494188725948334,0.6883257627487183,0.2636573910713196,0.4389677047729492,21132034.0,0.6059380173683167,2.2106950283050537,0.4546966850757599,0.6792786121368408,0.3689141571521759,0.4398844540119171,0.3693775236606598,0.44149503111839294
193,0.3081040680408478,0.47962072491645813,26119486.0,0.8393219709396362,2.9345827102661133,0.4760144352912903,1.4354854822158813,0.33509910106658936,0.4954953193664551,26499.35546875,0.9777032732963562,3.329413414001465,0.48010456562042236,1.8533152341842651,0.38866111636161804,0.5174833536148071,0.3869989514350891,0.4922142028808594
194,0.3324298858642578,0.46978315711021423,26602.96875,0.9723601341247559,3.3227946758270264,0.4716314673423767,1.8511050939559937,0.3316827118396759,0.4527156352996826,26329.421875,0.9674217700958252,3.315869092941284,0.4766177237033844,1.8490909337997437,0.3844475746154785,0.5119717717170715,0.3865044116973877,0.5151739120483398
