epoch,cotAlpha_mae_metric,cotBeta_mae_metric,loss,mean_uncertainty_cotAlpha_monitor,mean_uncertainty_cotBeta_monitor,mean_uncertainty_x_monitor,mean_uncertainty_y_monitor,rmse_metric,val_cotAlpha_mae_metric,val_cotBeta_mae_metric,val_loss,val_mean_uncertainty_cotAlpha_monitor,val_mean_uncertainty_cotBeta_monitor,val_mean_uncertainty_x_monitor,val_mean_uncertainty_y_monitor,val_rmse_metric,val_x_mae_metric,val_y_mae_metric,x_mae_metric,y_mae_metric
0,0.26654815673828125,0.23057600855827332,3129.444091796875,0.15707999467849731,0.14799468219280243,0.2198280543088913,0.21189023554325104,0.38942044973373413,0.1988556981086731,0.1784018874168396,2236.160400390625,0.12704861164093018,0.08275492489337921,0.19757772982120514,0.14829634130001068,0.335686057806015,0.25260698795318604,0.3515372574329376,0.3011268675327301,0.3986626863479614
1,0.19346663355827332,0.16321109235286713,2100.0869140625,0.07455716282129288,0.04059245437383652,0.1267809122800827,0.08403569459915161,0.323973149061203,0.1873464435338974,0.16090168058872223,2009.2593994140625,0.02343270741403103,0.010301086120307446,0.05207362398505211,0.041216444224119186,0.31817466020584106,0.24863897264003754,0.32782164216041565,0.24943937361240387,0.33654773235321045
2,0.18538329005241394,0.15912219882011414,1978.593994140625,0.004889921750873327,0.0008323835791088641,0.013708734884858131,0.016092412173748016,0.31448763608932495,0.18526095151901245,0.16014280915260315,1917.4876708984375,0.0,0.0,0.0,0.0,0.31080663204193115,0.24282009899616241,0.31416574120521545,0.24657468497753143,0.3230641782283783
3,0.17874597012996674,0.155202254652977,1728.305908203125,0.0,0.0,0.0,0.0,0.29369327425956726,0.1784466952085495,0.16102229058742523,1660.2403564453125,0.0,0.0,0.0,0.0,0.2891334295272827,0.21651233732700348,0.28771552443504333,0.22594188153743744,0.29111504554748535
4,0.1648823618888855,0.14672519266605377,1485.1949462890625,0.0,0.0,0.0,0.0,0.2722827196121216,0.1567067801952362,0.144473597407341,1398.55908203125,0.0,0.0,0.0,0.0,0.2652955949306488,0.19412292540073395,0.25996941328048706,0.20144475996494293,0.2680662274360657
5,0.15206721425056458,0.14025570452213287,1361.4293212890625,0.0,0.0,0.0,0.0,0.2607007622718811,0.1463950127363205,0.1396065503358841,1316.811279296875,0.0,0.0,0.0,0.0,0.257394403219223,0.18983644247055054,0.2518261969089508,0.19165876507759094,0.2558839023113251
6,0.1409352719783783,0.1345093697309494,1277.3494873046875,0.0,0.0,0.0,0.0,0.25248685479164124,0.13478435575962067,0.13239207863807678,1229.5621337890625,0.0,0.0,0.0,0.0,0.24869376420974731,0.18545566499233246,0.2449304312467575,0.18761347234249115,0.24829909205436707
7,0.1302700787782669,0.1271630823612213,1205.5614013671875,0.0,0.0,0.0,0.0,0.24526764452457428,0.12500214576721191,0.12525831162929535,1170.508056640625,0.0,0.0,0.0,0.0,0.24264280498027802,0.1824864000082016,0.24011416733264923,0.18399077653884888,0.24252665042877197
8,0.12259567528963089,0.12119308859109879,1157.9986572265625,0.0,0.0,0.0,0.0,0.24035190045833588,0.11860886216163635,0.11921852827072144,1129.9669189453125,0.0,0.0,0.0,0.0,0.23839052021503448,0.1797974556684494,0.23737674951553345,0.18157896399497986,0.23884715139865875
9,0.11699265986680984,0.11476805806159973,1114.4168701171875,0.0,0.0,0.0,0.0,0.23576916754245758,0.11493935436010361,0.11396621912717819,1091.353271484375,0.0,0.0,0.0,0.0,0.2342517226934433,0.1776549220085144,0.23316539824008942,0.1788146197795868,0.23472847044467926
10,0.1148066371679306,0.11107946187257767,1100.607177734375,0.0,0.0,0.0,0.0,0.23428677022457123,0.113995261490345,0.11132938414812088,1086.9759521484375,0.0,0.0,0.0,0.0,0.23377978801727295,0.17702992260456085,0.23312659561634064,0.1778382956981659,0.2343054562807083
11,0.1129612997174263,0.10694199800491333,1069.66064453125,0.0,0.0,0.0,0.0,0.23095206916332245,0.11172419041395187,0.10634874552488327,1048.51513671875,0.0,0.0,0.0,0.0,0.22959619760513306,0.17511151731014252,0.22840456664562225,0.17564280331134796,0.23056527972221375
12,0.111027292907238,0.10337463021278381,1044.5,0.0,0.0,0.0,0.0,0.22820468246936798,0.11016302555799484,0.10329893976449966,1030.6256103515625,0.0,0.0,0.0,0.0,0.22763629257678986,0.1743825078010559,0.22634081542491913,0.17438434064388275,0.22769442200660706
13,0.10925710946321487,0.1000681146979332,1020.1727294921875,0.0,0.0,0.0,0.0,0.22551286220550537,0.10934025049209595,0.09932167083024979,1000.4628295898438,0.0,0.0,0.0,0.0,0.22425873577594757,0.1703110933303833,0.22439569234848022,0.17216390371322632,0.22571466863155365
14,0.10753266513347626,0.09736167639493942,996.6005249023438,0.0,0.0,0.0,0.0,0.22287806868553162,0.10664957761764526,0.09767109900712967,980.6581420898438,0.0,0.0,0.0,0.0,0.22201716899871826,0.16831481456756592,0.22286522388458252,0.16902439296245575,0.22384124994277954
15,0.10522784292697906,0.09556194394826889,975.6349487304688,0.0,0.0,0.0,0.0,0.2205108255147934,0.10415840893983841,0.09588173776865005,959.4713745117188,0.0,0.0,0.0,0.0,0.2195988893508911,0.16545401513576508,0.22063976526260376,0.16695870459079742,0.22196410596370697
16,0.10400887578725815,0.09398819506168365,958.2984619140625,0.0,0.0,0.0,0.0,0.2185322642326355,0.10339325666427612,0.09432970732450485,943.173828125,0.0,0.0,0.0,0.0,0.21770817041397095,0.1634809672832489,0.21911664307117462,0.16447103023529053,0.22050520777702332
17,0.1028401255607605,0.09311085194349289,944.5874633789062,0.0,0.0,0.0,0.0,0.21694718301296234,0.10192889720201492,0.09322882443666458,929.2197875976562,0.0,0.0,0.0,0.0,0.2160966545343399,0.16210544109344482,0.21736955642700195,0.16269035637378693,0.21909327805042267
18,0.10292727500200272,0.09239273518323898,938.6614379882812,0.0,0.0,0.0,0.0,0.21625547111034393,0.10096346586942673,0.09230268001556396,919.1460571289062,0.0,0.0,0.0,0.0,0.21491217613220215,0.16092507541179657,0.2164921760559082,0.161871999502182,0.21879883110523224
19,0.10417546331882477,0.09116315841674805,932.8267211914062,0.0,0.0,0.0,0.0,0.2155616134405136,0.10135012865066528,0.09139176458120346,917.0208129882812,0.0,0.0,0.0,0.0,0.21464931964874268,0.16019649803638458,0.21623460948467255,0.1608514040708542,0.21778306365013123
20,0.10223850607872009,0.0898871049284935,920.7944946289062,0.0,0.0,0.0,0.0,0.21418257057666779,0.10096041113138199,0.09078290313482285,908.9013671875,0.0,0.0,0.0,0.0,0.213692307472229,0.15955540537834167,0.21554239094257355,0.15988747775554657,0.21635282039642334
21,0.1010134145617485,0.08878180384635925,911.72021484375,0.0,0.0,0.0,0.0,0.21311910450458527,0.10020451992750168,0.09000205993652344,909.2146606445312,0.0,0.0,0.0,0.0,0.21372361481189728,0.15939484536647797,0.21612922847270966,0.15847116708755493,0.21560005843639374
22,0.10393624007701874,0.09041240066289902,931.2066650390625,0.0,0.0,0.0,0.0,0.21524736285209656,0.10208746790885925,0.08977221697568893,913.5091552734375,0.0,0.0,0.0,0.0,0.2142268866300583,0.15964551270008087,0.2164267897605896,0.16119055449962616,0.2182144671678543
23,0.10447961091995239,0.08997611701488495,935.9503173828125,0.0,0.0,0.0,0.0,0.21570636332035065,0.10049453377723694,0.08819328993558884,901.109619140625,0.0,0.0,0.0,0.0,0.21275536715984344,0.15860529243946075,0.21488456428050995,0.1606350839138031,0.21926744282245636
24,0.10193538665771484,0.08792509138584137,913.6541748046875,0.0,0.0,0.0,0.0,0.21329335868358612,0.09915273636579514,0.08742570877075195,892.740478515625,0.0,0.0,0.0,0.0,0.21176432073116302,0.1567494422197342,0.21512728929519653,0.15866133570671082,0.2161129117012024
25,0.1004142314195633,0.08624201267957687,898.8363037109375,0.0,0.0,0.0,0.0,0.2115820199251175,0.09918913245201111,0.08717486262321472,887.763916015625,0.0,0.0,0.0,0.0,0.21116679906845093,0.1563969999551773,0.21334844827651978,0.15703971683979034,0.21395863592624664
26,0.09979785978794098,0.08504243940114975,891.7369995117188,0.0,0.0,0.0,0.0,0.2107449769973755,0.10055511444807053,0.0850159153342247,885.053955078125,0.0,0.0,0.0,0.0,0.21084101498126984,0.1565224975347519,0.21274133026599884,0.15611784160137177,0.21325616538524628
27,0.0988234207034111,0.08442730456590652,890.4539794921875,0.0,0.0,0.0,0.0,0.21058855950832367,0.09792112559080124,0.0847608670592308,880.8518676757812,0.0,0.0,0.0,0.0,0.21033327281475067,0.15568552911281586,0.21282310783863068,0.15613605082035065,0.21343092620372772
28,0.0988403707742691,0.08366880565881729,888.5880737304688,0.0,0.0,0.0,0.0,0.21036377549171448,0.09773685783147812,0.08385980129241943,875.4017333984375,0.0,0.0,0.0,0.0,0.20967835187911987,0.15532279014587402,0.21220092475414276,0.15614262223243713,0.21313688158988953
29,0.09833254665136337,0.08271846175193787,882.1076049804688,0.0,0.0,0.0,0.0,0.209597647190094,0.09744992852210999,0.08274883776903152,869.56298828125,0.0,0.0,0.0,0.0,0.20897845923900604,0.15440796315670013,0.21159513294696808,0.15503506362438202,0.2125706821680069
30,0.0980561152100563,0.08206526935100555,878.4692993164062,0.0,0.0,0.0,0.0,0.2091572880744934,0.09802956134080887,0.08216296881437302,866.503173828125,0.0,0.0,0.0,0.0,0.20861349999904633,0.1541546732187271,0.21099676191806793,0.1551162600517273,0.2119254469871521
31,0.09798845648765564,0.08132195472717285,873.0780029296875,0.0,0.0,0.0,0.0,0.20851737260818481,0.09773721545934677,0.08138101547956467,861.3226928710938,0.0,0.0,0.0,0.0,0.20798508822917938,0.15390846133232117,0.20993900299072266,0.15428607165813446,0.2110109031200409
32,0.09750726819038391,0.08093500882387161,868.1808471679688,0.0,0.0,0.0,0.0,0.2079215943813324,0.0969538763165474,0.08142668753862381,854.9984130859375,0.0,0.0,0.0,0.0,0.2072049230337143,0.1530008465051651,0.20884586870670319,0.1535469889640808,0.21040771901607513
33,0.09671264886856079,0.08086510747671127,860.7818603515625,0.0,0.0,0.0,0.0,0.2070324569940567,0.09685149788856506,0.08228008449077606,858.1385498046875,0.0,0.0,0.0,0.0,0.20759274065494537,0.1540115475654602,0.20966242253780365,0.1527138650417328,0.20900756120681763
34,0.09606572985649109,0.08035412430763245,857.8406372070312,0.0,0.0,0.0,0.0,0.20667491853237152,0.09515275806188583,0.08237449079751968,853.5144653320312,0.0,0.0,0.0,0.0,0.20702624320983887,0.15224964916706085,0.20929552614688873,0.15229392051696777,0.20869311690330505
35,0.09523280709981918,0.08029017597436905,853.7483520507812,0.0,0.0,0.0,0.0,0.2061787098646164,0.09469141811132431,0.0807003304362297,845.108154296875,0.0,0.0,0.0,0.0,0.20599888265132904,0.15129010379314423,0.20812459290027618,0.15135018527507782,0.20823197066783905
36,0.09472831338644028,0.08015266805887222,851.2021484375,0.0,0.0,0.0,0.0,0.20585793256759644,0.0942281186580658,0.08051500469446182,856.3657836914062,0.0,0.0,0.0,0.0,0.20738811790943146,0.15358103811740875,0.2125430852174759,0.1513173133134842,0.20807041227817535
37,0.09431889653205872,0.08022815734148026,852.0706176757812,0.0,0.0,0.0,0.0,0.20596134662628174,0.09390882402658463,0.08061642199754715,841.01806640625,0.0,0.0,0.0,0.0,0.20550386607646942,0.1506810039281845,0.20759183168411255,0.1511067897081375,0.20829659700393677
38,0.09371484071016312,0.07977036386728287,845.3701171875,0.0,0.0,0.0,0.0,0.20515532791614532,0.09450037032365799,0.0805613100528717,842.3361206054688,0.0,0.0,0.0,0.0,0.20566324889659882,0.1510983258485794,0.20675982534885406,0.1502532809972763,0.2072025090456009
39,0.09387282282114029,0.07962532341480255,847.5488891601562,0.0,0.0,0.0,0.0,0.20540370047092438,0.09318637102842331,0.07925605773925781,830.0148315429688,0.0,0.0,0.0,0.0,0.20414794981479645,0.1500718593597412,0.20551587641239166,0.1510157436132431,0.2078239768743515
40,0.09296201169490814,0.07906913757324219,837.265380859375,0.0,0.0,0.0,0.0,0.20415864884853363,0.09329021722078323,0.0789741799235344,826.991943359375,0.0,0.0,0.0,0.0,0.2037743330001831,0.14948198199272156,0.20530396699905396,0.15016576647758484,0.20607410371303558
41,0.09302912652492523,0.07865606993436813,834.5158081054688,0.0,0.0,0.0,0.0,0.20381629467010498,0.09181565791368484,0.07888291776180267,825.1409301757812,0.0,0.0,0.0,0.0,0.20353561639785767,0.14943726360797882,0.2053813338279724,0.14982357621192932,0.20552781224250793
42,0.0926293358206749,0.07828007638454437,833.7012329101562,0.0,0.0,0.0,0.0,0.20370322465896606,0.0921749696135521,0.07830815017223358,829.821533203125,0.0,0.0,0.0,0.0,0.20411266386508942,0.15060479938983917,0.20656989514827728,0.1495267152786255,0.20587246119976044
43,0.0942549854516983,0.07820883393287659,834.5466918945312,0.0,0.0,0.0,0.0,0.2038142830133438,0.0919482484459877,0.07842560112476349,829.3470458984375,0.0,0.0,0.0,0.0,0.20406198501586914,0.15205051004886627,0.20533998310565948,0.15007103979587555,0.20504160225391388
44,0.0938708707690239,0.07838264107704163,838.0135498046875,0.0,0.0,0.0,0.0,0.20418576896190643,0.09344622492790222,0.0777800902724266,826.9523315429688,0.0,0.0,0.0,0.0,0.20376284420490265,0.15057656168937683,0.2042549103498459,0.15135423839092255,0.2052069753408432
45,0.09304168075323105,0.07764091342687607,832.458251953125,0.0,0.0,0.0,0.0,0.2035508006811142,0.09230950474739075,0.07803642004728317,823.0955200195312,0.0,0.0,0.0,0.0,0.20328174531459808,0.1500731259584427,0.2038482278585434,0.1510418951511383,0.2042420357465744
46,0.09261436760425568,0.07744678854942322,829.6119384765625,0.0,0.0,0.0,0.0,0.20320406556129456,0.09187046438455582,0.07793275266885757,821.1480102539062,0.0,0.0,0.0,0.0,0.20304030179977417,0.14976611733436584,0.20411421358585358,0.15046383440494537,0.2039252668619156
47,0.09206763654947281,0.0772681012749672,825.6098022460938,0.0,0.0,0.0,0.0,0.2027135193347931,0.09148695319890976,0.07806623727083206,817.2408447265625,0.0,0.0,0.0,0.0,0.20255105197429657,0.1493625044822693,0.20318090915679932,0.14973799884319305,0.20335163176059723
48,0.0920545905828476,0.07715807855129242,826.5983276367188,0.0,0.0,0.0,0.0,0.2028302699327469,0.0913081169128418,0.07790371775627136,831.95654296875,0.0,0.0,0.0,0.0,0.20437853038311005,0.15475650131702423,0.20435988903045654,0.1505802869796753,0.20314478874206543
49,0.09226149320602417,0.07702745497226715,827.3361206054688,0.0,0.0,0.0,0.0,0.20290464162826538,0.09104981273412704,0.07686599344015121,817.2000732421875,0.0,0.0,0.0,0.0,0.20254655182361603,0.14920967817306519,0.20352482795715332,0.14991088211536407,0.20367763936519623
50,0.09189379960298538,0.0769442543387413,825.1875,0.0,0.0,0.0,0.0,0.20264644920825958,0.09099657088518143,0.07684381306171417,817.8237915039062,0.0,0.0,0.0,0.0,0.20262618362903595,0.14899130165576935,0.20364664494991302,0.14911051094532013,0.20362865924835205
51,0.0920160785317421,0.07723099738359451,824.9527587890625,0.0,0.0,0.0,0.0,0.2026333063840866,0.09103453904390335,0.07679475098848343,819.4968872070312,0.0,0.0,0.0,0.0,0.202832892537117,0.14938488602638245,0.20443016290664673,0.14893417060375214,0.20381057262420654
52,0.09149258583784103,0.07668370753526688,820.8086547851562,0.0,0.0,0.0,0.0,0.20213109254837036,0.09150774031877518,0.07725129276514053,816.1770629882812,0.0,0.0,0.0,0.0,0.20241226255893707,0.15090273320674896,0.20166043937206268,0.14882855117321014,0.20281603932380676
53,0.09170058369636536,0.07673511654138565,821.1439819335938,0.0,0.0,0.0,0.0,0.20215646922588348,0.09124967455863953,0.07656506448984146,812.604736328125,0.0,0.0,0.0,0.0,0.20197367668151855,0.1481655389070511,0.20278625190258026,0.1490427553653717,0.20271702110767365
54,0.09125781804323196,0.07619746029376984,818.7351684570312,0.0,0.0,0.0,0.0,0.20186515152454376,0.09080252796411514,0.07663803547620773,811.8787841796875,0.0,0.0,0.0,0.0,0.20187552273273468,0.1481269896030426,0.20231269299983978,0.14831498265266418,0.20297686755657196
55,0.09104608744382858,0.07575850933790207,816.4140014648438,0.0,0.0,0.0,0.0,0.2015778124332428,0.091649629175663,0.07579904049634933,809.8641967773438,0.0,0.0,0.0,0.0,0.20162011682987213,0.14897730946540833,0.20124317705631256,0.14842480421066284,0.20222991704940796
56,0.09086775779724121,0.07583311200141907,815.146728515625,0.0,0.0,0.0,0.0,0.20142309367656708,0.09152089804410934,0.07551752775907516,810.07470703125,0.0,0.0,0.0,0.0,0.20164340734481812,0.14882083237171173,0.2017335742712021,0.14867009222507477,0.20162929594516754
57,0.09056685864925385,0.07540493458509445,812.05126953125,0.0,0.0,0.0,0.0,0.2010338008403778,0.09058824181556702,0.07703997939825058,807.9641723632812,0.0,0.0,0.0,0.0,0.20137923955917358,0.1483917087316513,0.200904980301857,0.14801426231861115,0.20127493143081665
58,0.09048767387866974,0.0758315771818161,813.33740234375,0.0,0.0,0.0,0.0,0.2011939287185669,0.09001518040895462,0.07665231078863144,811.5213012695312,0.0,0.0,0.0,0.0,0.20182287693023682,0.15004490315914154,0.2016899138689041,0.1481233835220337,0.20160254836082458
59,0.09067545086145401,0.07568827271461487,815.3936157226562,0.0,0.0,0.0,0.0,0.20143496990203857,0.09078669548034668,0.07629375904798508,811.9080200195312,0.0,0.0,0.0,0.0,0.2018633633852005,0.14935888350009918,0.20158450305461884,0.148717001080513,0.20172546803951263
60,0.09063997864723206,0.07535985112190247,814.2677612304688,0.0,0.0,0.0,0.0,0.20129358768463135,0.0901942253112793,0.07536353915929794,805.2749633789062,0.0,0.0,0.0,0.0,0.20103423297405243,0.1482047289609909,0.20106591284275055,0.1484445333480835,0.20163637399673462
61,0.09039610624313354,0.07488303631544113,812.84765625,0.0,0.0,0.0,0.0,0.2011074423789978,0.09005633741617203,0.07540383189916611,807.6415405273438,0.0,0.0,0.0,0.0,0.20132876932621002,0.15002931654453278,0.20089681446552277,0.14850164949893951,0.20120981335639954
62,0.09047966450452805,0.07501529902219772,814.732177734375,0.0,0.0,0.0,0.0,0.20134201645851135,0.09006845206022263,0.07504052668809891,807.9932861328125,0.0,0.0,0.0,0.0,0.20137310028076172,0.14984534680843353,0.20100517570972443,0.14915509521961212,0.20130391418933868
63,0.0905604287981987,0.07476696372032166,812.4030151367188,0.0,0.0,0.0,0.0,0.20104755461215973,0.09059556573629379,0.07470270246267319,802.1870727539062,0.0,0.0,0.0,0.0,0.20063942670822144,0.14746449887752533,0.2006373554468155,0.14794637262821198,0.20144185423851013
64,0.09046121686697006,0.07495464384555817,812.5184326171875,0.0,0.0,0.0,0.0,0.2010715901851654,0.09098490327596664,0.07566892355680466,815.5502319335938,0.0,0.0,0.0,0.0,0.20230694115161896,0.14937973022460938,0.2036421149969101,0.14802348613739014,0.20149573683738708
65,0.0903957411646843,0.0748194009065628,811.8727416992188,0.0,0.0,0.0,0.0,0.20099838078022003,0.09093476086854935,0.07545556128025055,806.29931640625,0.0,0.0,0.0,0.0,0.20115011930465698,0.14895881712436676,0.2003077268600464,0.1482512354850769,0.2013171911239624
66,0.09061472862958908,0.07460513710975647,814.8815307617188,0.0,0.0,0.0,0.0,0.20135606825351715,0.09029293060302734,0.07433738559484482,801.8317260742188,0.0,0.0,0.0,0.0,0.2005881667137146,0.14753666520118713,0.20028632879257202,0.14888142049312592,0.2019820213317871
67,0.09044460952281952,0.07421302050352097,809.9961547851562,0.0,0.0,0.0,0.0,0.2007543444633484,0.09106043726205826,0.07546627521514893,815.430908203125,0.0,0.0,0.0,0.0,0.20229440927505493,0.14959628880023956,0.20363695919513702,0.14778822660446167,0.20126968622207642
68,0.09076667577028275,0.07413516193628311,812.7214965820312,0.0,0.0,0.0,0.0,0.2010968029499054,0.09017685055732727,0.07478891313076019,811.7483520507812,0.0,0.0,0.0,0.0,0.20182931423187256,0.14741967618465424,0.20505543053150177,0.14827924966812134,0.20203706622123718
69,0.0902099758386612,0.07392077893018723,807.1616821289062,0.0,0.0,0.0,0.0,0.20041364431381226,0.09001278877258301,0.07450702041387558,799.75634765625,0.0,0.0,0.0,0.0,0.2003260999917984,0.14702057838439941,0.20081700384616852,0.14791040122509003,0.20067870616912842
70,0.09039345383644104,0.07397065311670303,804.778564453125,0.0,0.0,0.0,0.0,0.20010820031166077,0.09118277579545975,0.07546292990446091,799.0745849609375,0.0,0.0,0.0,0.0,0.20024146139621735,0.14719316363334656,0.19933193922042847,0.1471741497516632,0.20028358697891235
71,0.09035875648260117,0.07375911623239517,801.5324096679688,0.0,0.0,0.0,0.0,0.1997273564338684,0.08995918184518814,0.07350929826498032,794.7848510742188,0.0,0.0,0.0,0.0,0.19969944655895233,0.14683650434017181,0.19940567016601562,0.14683273434638977,0.1996375322341919
72,0.09038732200860977,0.07350362837314606,803.7109985351562,0.0,0.0,0.0,0.0,0.1999714970588684,0.09348446875810623,0.07333708554506302,800.7957763671875,0.0,0.0,0.0,0.0,0.2004604935646057,0.1475115865468979,0.1995929330587387,0.1473383903503418,0.20005890727043152
73,0.09071553498506546,0.07370773702859879,803.3770141601562,0.0,0.0,0.0,0.0,0.199940487742424,0.09043621271848679,0.07348152995109558,795.4562377929688,0.0,0.0,0.0,0.0,0.19978542625904083,0.1464494913816452,0.19962774217128754,0.14758895337581635,0.19967181980609894
74,0.09077384322881699,0.07360520213842392,814.6648559570312,0.0,0.0,0.0,0.0,0.20120693743228912,0.09127622097730637,0.07376237213611603,801.3939208984375,0.0,0.0,0.0,0.0,0.20053529739379883,0.14896243810653687,0.1999385803937912,0.14739938080310822,0.2031944990158081
75,0.09016194194555283,0.07337700575590134,799.9954833984375,0.0,0.0,0.0,0.0,0.19951969385147095,0.09005410224199295,0.07343606650829315,793.9356079101562,0.0,0.0,0.0,0.0,0.199590265750885,0.14642713963985443,0.1996275931596756,0.14651484787464142,0.19950351119041443
76,0.09061803668737411,0.07351403683423996,809.9737548828125,0.0,0.0,0.0,0.0,0.2006993591785431,0.08985491842031479,0.07383834570646286,797.7752075195312,0.0,0.0,0.0,0.0,0.20007233321666718,0.14660228788852692,0.20057307183742523,0.14686042070388794,0.20225432515144348
77,0.09043686836957932,0.07351848483085632,806.93505859375,0.0,0.0,0.0,0.0,0.20036949217319489,0.09008375555276871,0.07370349764823914,802.3656005859375,0.0,0.0,0.0,0.0,0.20065581798553467,0.14629235863685608,0.20288722217082977,0.1469515860080719,0.20136095583438873
78,0.09038666635751724,0.0737101212143898,808.9031372070312,0.0,0.0,0.0,0.0,0.2006191909313202,0.0899064838886261,0.07380075752735138,799.5462646484375,0.0,0.0,0.0,0.0,0.20029936730861664,0.14650858938694,0.201005220413208,0.14718736708164215,0.20179525017738342
79,0.09016622602939606,0.07340169697999954,804.8311767578125,0.0,0.0,0.0,0.0,0.20011094212532043,0.08997628092765808,0.07347535341978073,797.705078125,0.0,0.0,0.0,0.0,0.20006366074085236,0.14632858335971832,0.20046062767505646,0.14668865501880646,0.20100530982017517
80,0.09066954255104065,0.0740467831492424,806.7044677734375,0.0,0.0,0.0,0.0,0.20034269988536835,0.09048085659742355,0.0745071992278099,796.88427734375,0.0,0.0,0.0,0.0,0.1999603658914566,0.1460597664117813,0.20012922585010529,0.14682191610336304,0.2013208121061325
81,0.09032879769802094,0.07501702755689621,806.8270874023438,0.0,0.0,0.0,0.0,0.20036181807518005,0.08954286575317383,0.07360929250717163,794.2523803710938,0.0,0.0,0.0,0.0,0.1996244639158249,0.14596165716648102,0.19998818635940552,0.1472896784543991,0.20082154870033264
82,0.09027310460805893,0.07413020730018616,803.7086181640625,0.0,0.0,0.0,0.0,0.19997043907642365,0.08966406434774399,0.07381556183099747,797.0870971679688,0.0,0.0,0.0,0.0,0.19998759031295776,0.14608877897262573,0.20135809481143951,0.14639946818351746,0.20078425109386444
83,0.08985869586467743,0.07387810200452805,800.99267578125,0.0,0.0,0.0,0.0,0.1996745765209198,0.0899156853556633,0.07409954071044922,808.2255859375,0.0,0.0,0.0,0.0,0.20138104259967804,0.1466512233018875,0.20540887117385864,0.1461370438337326,0.2004234343767166
84,0.08999323099851608,0.07329672574996948,801.1718139648438,0.0,0.0,0.0,0.0,0.19965136051177979,0.08964288234710693,0.07337821274995804,792.999267578125,0.0,0.0,0.0,0.0,0.199464812874794,0.14588747918605804,0.199588343501091,0.14637866616249084,0.20037834346294403
85,0.09004334360361099,0.07335498929023743,800.1685180664062,0.0,0.0,0.0,0.0,0.19952908158302307,0.09003278613090515,0.0737278163433075,795.5357055664062,0.0,0.0,0.0,0.0,0.1997862011194229,0.14619503915309906,0.20067232847213745,0.14600057899951935,0.20029421150684357
86,0.08990831673145294,0.07377106696367264,803.1558837890625,0.0,0.0,0.0,0.0,0.19989565014839172,0.09014619141817093,0.07479922473430634,795.3140869140625,0.0,0.0,0.0,0.0,0.1997578889131546,0.1456487625837326,0.20052289962768555,0.14635463058948517,0.20098380744457245
87,0.0897819846868515,0.07364246994256973,800.7660522460938,0.0,0.0,0.0,0.0,0.19959457218647003,0.0892755389213562,0.07358831912279129,793.8424682617188,0.0,0.0,0.0,0.0,0.19957412779331207,0.14618468284606934,0.2000252604484558,0.14598438143730164,0.20033201575279236
88,0.09007012099027634,0.0739206075668335,802.4625854492188,0.0,0.0,0.0,0.0,0.199808269739151,0.08943913131952286,0.07554513961076736,801.2901611328125,0.0,0.0,0.0,0.0,0.20050914585590363,0.1484156996011734,0.20034776628017426,0.14639917016029358,0.20058465003967285
89,0.08991412818431854,0.073847696185112,801.443115234375,0.0,0.0,0.0,0.0,0.19967979192733765,0.09233745187520981,0.08185290545225143,805.9624633789062,0.0,0.0,0.0,0.0,0.20109955966472626,0.1455422192811966,0.2014515995979309,0.14620202779769897,0.20047667622566223
90,0.09007935971021652,0.0737018957734108,802.1376342773438,0.0,0.0,0.0,0.0,0.19976067543029785,0.08916985988616943,0.07384934276342392,793.3281860351562,0.0,0.0,0.0,0.0,0.199504092335701,0.14554493129253387,0.19971086084842682,0.14630226790905,0.20072688162326813
91,0.08978131413459778,0.0747765302658081,801.5030517578125,0.0,0.0,0.0,0.0,0.19968873262405396,0.09163085371255875,0.0760001614689827,804.4261474609375,0.0,0.0,0.0,0.0,0.2009078711271286,0.14619024097919464,0.2026410549879074,0.14608561992645264,0.2003566026687622
92,0.08945741504430771,0.07418861985206604,800.0714721679688,0.0,0.0,0.0,0.0,0.19950340688228607,0.08975383639335632,0.07535494863986969,801.0665283203125,0.0,0.0,0.0,0.0,0.20047710835933685,0.14727742969989777,0.20112405717372894,0.14588625729084015,0.20031024515628815
93,0.08966869115829468,0.07381100207567215,799.3638305664062,0.0,0.0,0.0,0.0,0.19941794872283936,0.0897587314248085,0.07422412186861038,798.0068359375,0.0,0.0,0.0,0.0,0.2000911980867386,0.14591878652572632,0.20185445249080658,0.14591102302074432,0.20021259784698486
94,0.08942532539367676,0.07322283089160919,798.043212890625,0.0,0.0,0.0,0.0,0.19925275444984436,0.08944664150476456,0.0736522376537323,795.8206787109375,0.0,0.0,0.0,0.0,0.19981379806995392,0.14794091880321503,0.19984062016010284,0.14594601094722748,0.19995008409023285
95,0.08939177542924881,0.07351148873567581,797.6852416992188,0.0,0.0,0.0,0.0,0.19924627244472504,0.08876091241836548,0.07411638647317886,790.630126953125,0.0,0.0,0.0,0.0,0.19915403425693512,0.14551286399364471,0.19940155744552612,0.14601154625415802,0.19972972571849823
96,0.08931882679462433,0.07338819652795792,798.2601318359375,0.0,0.0,0.0,0.0,0.19927790760993958,0.0901080071926117,0.0754752978682518,793.7803344726562,0.0,0.0,0.0,0.0,0.19955319166183472,0.1461126059293747,0.1992201805114746,0.1458050161600113,0.2000279724597931
97,0.08941511809825897,0.0733162984251976,797.8772583007812,0.0,0.0,0.0,0.0,0.19923044741153717,0.0953584536910057,0.07966653257608414,899.4441528320312,0.0,0.0,0.0,0.0,0.2125038057565689,0.15223480761051178,0.23168326914310455,0.14594495296478271,0.19977284967899323
98,0.08975619077682495,0.0733719989657402,800.2431030273438,0.0,0.0,0.0,0.0,0.19952018558979034,0.08977439254522324,0.07446405291557312,794.3900146484375,0.0,0.0,0.0,0.0,0.19963008165359497,0.14574842154979706,0.2005366086959839,0.14637315273284912,0.20025359094142914
99,0.08909633755683899,0.07334485650062561,796.4295043945312,0.0,0.0,0.0,0.0,0.19904597103595734,0.08867619186639786,0.07475641369819641,791.3501586914062,0.0,0.0,0.0,0.0,0.19924290478229523,0.14559711515903473,0.19938091933727264,0.1457546204328537,0.1995036005973816
100,0.08905443549156189,0.07335837930440903,794.8209228515625,0.0,0.0,0.0,0.0,0.19884638488292694,0.08986737579107285,0.0749477669596672,799.734130859375,0.0,0.0,0.0,0.0,0.2003004103899002,0.14818446338176727,0.2002580612897873,0.14555606245994568,0.19910283386707306
101,0.0888257697224617,0.07351627200841904,796.6292114257812,0.0,0.0,0.0,0.0,0.19906947016716003,0.08884523063898087,0.07399182766675949,788.2391967773438,0.0,0.0,0.0,0.0,0.19884812831878662,0.1448400914669037,0.19958184659481049,0.1459091305732727,0.1994541883468628
102,0.08889245241880417,0.07362755388021469,798.609375,0.0,0.0,0.0,0.0,0.19930912554264069,0.08827822655439377,0.07475416362285614,786.343017578125,0.0,0.0,0.0,0.0,0.19860684871673584,0.14486797153949738,0.19862966239452362,0.14680232107639313,0.19956988096237183
103,0.08875233680009842,0.0734558254480362,801.0533447265625,0.0,0.0,0.0,0.0,0.1996259093284607,0.08951088786125183,0.07367853075265884,807.9306640625,0.0,0.0,0.0,0.0,0.20133668184280396,0.1469193547964096,0.20539897680282593,0.146927148103714,0.20034052431583405
104,0.08875254541635513,0.07370439916849136,800.2948608398438,0.0,0.0,0.0,0.0,0.19952696561813354,0.08837591856718063,0.07518133521080017,791.1319580078125,0.0,0.0,0.0,0.0,0.19921694695949554,0.14498449862003326,0.1992458701133728,0.14654678106307983,0.2001999020576477
105,0.08870939910411835,0.07342936843633652,796.6785888671875,0.0,0.0,0.0,0.0,0.19907452166080475,0.0883752703666687,0.07354512810707092,787.9697875976562,0.0,0.0,0.0,0.0,0.19881464540958405,0.14471276104450226,0.19933773577213287,0.14587879180908203,0.19959837198257446
106,0.08868122100830078,0.07325654476881027,795.1682739257812,0.0,0.0,0.0,0.0,0.1988827884197235,0.08879509568214417,0.07435271888971329,792.234130859375,0.0,0.0,0.0,0.0,0.19935806095600128,0.14735789597034454,0.19858956336975098,0.14578647911548615,0.19919724762439728
107,0.08858878910541534,0.07327069342136383,795.453857421875,0.0,0.0,0.0,0.0,0.19893606007099152,0.08953537791967392,0.07370725274085999,789.2734375,0.0,0.0,0.0,0.0,0.19897930324077606,0.14470410346984863,0.19934163987636566,0.1458277404308319,0.19944748282432556
108,0.08867888897657394,0.07317425310611725,794.8045654296875,0.0,0.0,0.0,0.0,0.1988409459590912,0.08806481957435608,0.07377680391073227,792.4425048828125,0.0,0.0,0.0,0.0,0.19938047230243683,0.14668826758861542,0.2005435973405838,0.14569826424121857,0.19917261600494385
109,0.08836326003074646,0.0727258026599884,792.5271606445312,0.0,0.0,0.0,0.0,0.19855156540870667,0.08820485323667526,0.07326600700616837,784.9188842773438,0.0,0.0,0.0,0.0,0.19842469692230225,0.144517719745636,0.19834589958190918,0.14530712366104126,0.1989201009273529
110,0.08838898688554764,0.07282804697751999,792.8624267578125,0.0,0.0,0.0,0.0,0.19859783351421356,0.08836812525987625,0.07302086055278778,788.1312866210938,0.0,0.0,0.0,0.0,0.1988363415002823,0.14572815597057343,0.19859068095684052,0.14520132541656494,0.19909773766994476
111,0.08844322711229324,0.0730598196387291,792.1416015625,0.0,0.0,0.0,0.0,0.19850175082683563,0.08788934350013733,0.07352381199598312,786.6886596679688,0.0,0.0,0.0,0.0,0.19864940643310547,0.14517603814601898,0.1988193243741989,0.145393505692482,0.19852314889431
112,0.08843278884887695,0.07313229143619537,794.7101440429688,0.0,0.0,0.0,0.0,0.19880814850330353,0.08799901604652405,0.07495150715112686,808.311767578125,0.0,0.0,0.0,0.0,0.20139151811599731,0.14626747369766235,0.20134373009204865,0.14610910415649414,0.19888141751289368
113,0.09166968613862991,0.07674495130777359,831.2709350585938,0.0,0.0,0.0,0.0,0.20320485532283783,0.09017293900251389,0.08064450323581696,817.2633056640625,0.0,0.0,0.0,0.0,0.20250117778778076,0.148093581199646,0.20367836952209473,0.14851467311382294,0.20612455904483795
114,0.08857809007167816,0.07342733442783356,795.7271118164062,0.0,0.0,0.0,0.0,0.1989503651857376,0.08833620697259903,0.0746970921754837,793.9004516601562,0.0,0.0,0.0,0.0,0.1995653510093689,0.14649565517902374,0.20006829500198364,0.1453089863061905,0.19951075315475464
115,0.08879127353429794,0.07417568564414978,801.6050415039062,0.0,0.0,0.0,0.0,0.1996045559644699,0.088964082300663,0.07365340739488602,797.4222412109375,0.0,0.0,0.0,0.0,0.20000804960727692,0.14589238166809082,0.20158392190933228,0.1454378217458725,0.20087993144989014
116,0.08855237066745758,0.07370112836360931,798.5393676757812,0.0,0.0,0.0,0.0,0.1992458999156952,0.08755197376012802,0.0732576921582222,785.7337036132812,0.0,0.0,0.0,0.0,0.1985294073820114,0.14457066357135773,0.19935433566570282,0.1452002078294754,0.20044243335723877
117,0.08808723092079163,0.07324419915676117,790.947021484375,0.0,0.0,0.0,0.0,0.1983519047498703,0.0879274308681488,0.07344304025173187,791.7734375,0.0,0.0,0.0,0.0,0.19929595291614532,0.14821910858154297,0.1985325813293457,0.14494290947914124,0.19846458733081818
118,0.08816619217395782,0.07365535199642181,796.5750122070312,0.0,0.0,0.0,0.0,0.19900377094745636,0.087571881711483,0.07348081469535828,788.0527954101562,0.0,0.0,0.0,0.0,0.1988247036933899,0.14613287150859833,0.19883495569229126,0.145026296377182,0.20024694502353668
119,0.08832919597625732,0.07411213964223862,802.0241088867188,0.0,0.0,0.0,0.0,0.19968613982200623,0.0876324251294136,0.07639053463935852,788.7921142578125,0.0,0.0,0.0,0.0,0.19891531765460968,0.14455020427703857,0.19902443885803223,0.145494744181633,0.20146049559116364
120,0.08781684935092926,0.07330535352230072,797.6056518554688,0.0,0.0,0.0,0.0,0.19915388524532318,0.08723219484090805,0.07319053262472153,790.4675903320312,0.0,0.0,0.0,0.0,0.19912000000476837,0.14513419568538666,0.2002377063035965,0.14535295963287354,0.200458824634552
121,0.08785372227430344,0.07329218834638596,799.4447021484375,0.0,0.0,0.0,0.0,0.19937863945960999,0.08744711428880692,0.07448869943618774,788.3599853515625,0.0,0.0,0.0,0.0,0.19885356724262238,0.14389760792255402,0.1995287537574768,0.14522987604141235,0.20101673901081085
122,0.08771661669015884,0.073407843708992,799.182373046875,0.0,0.0,0.0,0.0,0.19935153424739838,0.08755966275930405,0.07453101128339767,788.3292236328125,0.0,0.0,0.0,0.0,0.1988527625799179,0.14376266300678253,0.19998063147068024,0.14525336027145386,0.2010563462972641
123,0.08780207484960556,0.07325439900159836,797.7630004882812,0.0,0.0,0.0,0.0,0.19918420910835266,0.0873405933380127,0.07304104417562485,790.6701049804688,0.0,0.0,0.0,0.0,0.19914394617080688,0.14457513391971588,0.2001136690378189,0.1448490470647812,0.20067720115184784
124,0.0877547487616539,0.07346059381961823,802.0762939453125,0.0,0.0,0.0,0.0,0.1997169852256775,0.0871424600481987,0.0738007128238678,788.3016357421875,0.0,0.0,0.0,0.0,0.19884401559829712,0.1442558318376541,0.20016004145145416,0.14577576518058777,0.201361283659935
125,0.08772086352109909,0.07391783595085144,801.873779296875,0.0,0.0,0.0,0.0,0.19969040155410767,0.08683805912733078,0.07966979593038559,793.6793212890625,0.0,0.0,0.0,0.0,0.19952572882175446,0.14418281614780426,0.19994603097438812,0.14528971910476685,0.20155739784240723
126,0.08785220980644226,0.07391884177923203,799.540283203125,0.0,0.0,0.0,0.0,0.19940748810768127,0.08756568282842636,0.07315805554389954,798.1301879882812,0.0,0.0,0.0,0.0,0.20008473098278046,0.1436503678560257,0.20423023402690887,0.14452776312828064,0.20116718113422394
127,0.08764194697141647,0.07329924404621124,799.96826171875,0.0,0.0,0.0,0.0,0.19946855306625366,0.08680751174688339,0.07386533915996552,792.990966796875,0.0,0.0,0.0,0.0,0.19943512976169586,0.14486925303936005,0.20078666508197784,0.1442466527223587,0.20169253647327423
128,0.08794426918029785,0.07306981831789017,802.7955322265625,0.0,0.0,0.0,0.0,0.19981954991817474,0.08730464428663254,0.07481026649475098,795.8314819335938,0.0,0.0,0.0,0.0,0.19979262351989746,0.14594638347625732,0.2007293552160263,0.1448037028312683,0.2023787647485733
129,0.08782967180013657,0.07279833406209946,800.511474609375,0.0,0.0,0.0,0.0,0.19953210651874542,0.08728280663490295,0.07369609922170639,790.1614379882812,0.0,0.0,0.0,0.0,0.19907629489898682,0.14359739422798157,0.20087146759033203,0.14444032311439514,0.20199909806251526
130,0.08742200583219528,0.07377560436725616,802.0519409179688,0.0,0.0,0.0,0.0,0.19973058998584747,0.08701008558273315,0.0736423060297966,792.8677978515625,0.0,0.0,0.0,0.0,0.19941800832748413,0.1443231999874115,0.20146535336971283,0.1448706090450287,0.20222260057926178
131,0.08746736496686935,0.07383343577384949,803.22119140625,0.0,0.0,0.0,0.0,0.19986623525619507,0.08779415488243103,0.07282399386167526,789.7916870117188,0.0,0.0,0.0,0.0,0.1990283578634262,0.14370682835578918,0.20089276134967804,0.1450079083442688,0.20243611931800842
132,0.0874379500746727,0.07360441237688065,802.1762084960938,0.0,0.0,0.0,0.0,0.1997498869895935,0.08725247532129288,0.07329355925321579,794.7233276367188,0.0,0.0,0.0,0.0,0.19964958727359772,0.14494597911834717,0.20210884511470795,0.14472337067127228,0.20251253247261047
133,0.08763744682073593,0.0739830732345581,801.7979125976562,0.0,0.0,0.0,0.0,0.19970375299453735,0.08690040558576584,0.07396351546049118,792.4752807617188,0.0,0.0,0.0,0.0,0.19936932623386383,0.14479131996631622,0.2014760822057724,0.1442328691482544,0.20253433287143707
134,0.08725164830684662,0.0740433856844902,802.0287475585938,0.0,0.0,0.0,0.0,0.19973213970661163,0.08677103370428085,0.07595213502645493,805.7893676757812,0.0,0.0,0.0,0.0,0.20104366540908813,0.15024890005588531,0.20147131383419037,0.1448109894990921,0.2023634910583496
135,0.0873388797044754,0.07397996634244919,803.0283203125,0.0,0.0,0.0,0.0,0.19986781477928162,0.08666902780532837,0.07317361980676651,788.947021484375,0.0,0.0,0.0,0.0,0.19891522824764252,0.1434013992547989,0.20117993652820587,0.14526236057281494,0.20245324075222015
136,0.0873967707157135,0.07337359338998795,800.830810546875,0.0,0.0,0.0,0.0,0.19958940148353577,0.08721215277910233,0.07511293143033981,794.3844604492188,0.0,0.0,0.0,0.0,0.19960284233093262,0.14493639767169952,0.2011730819940567,0.14479544758796692,0.20212306082248688
137,0.08783881366252899,0.07309263944625854,797.6347045898438,0.0,0.0,0.0,0.0,0.1991913616657257,0.08680176734924316,0.07613114267587662,793.7160034179688,0.0,0.0,0.0,0.0,0.1995219737291336,0.1438385546207428,0.20131884515285492,0.1441963165998459,0.2014356106519699
138,0.08726655691862106,0.0731007531285286,795.0703125,0.0,0.0,0.0,0.0,0.19886845350265503,0.08657271414995193,0.07321035116910934,786.6480712890625,0.0,0.0,0.0,0.0,0.19862331449985504,0.14309366047382355,0.2007264494895935,0.1436106264591217,0.20102058351039886
139,0.08738099783658981,0.07256818562746048,793.1100463867188,0.0,0.0,0.0,0.0,0.19861961901187897,0.08768128603696823,0.07356823235750198,789.4580078125,0.0,0.0,0.0,0.0,0.1989813596010208,0.14302439987659454,0.20139525830745697,0.1434573233127594,0.2005728930234909
140,0.08744056522846222,0.0730479285120964,794.8973999023438,0.0,0.0,0.0,0.0,0.198847696185112,0.0868707001209259,0.07368705421686172,786.3501586914062,0.0,0.0,0.0,0.0,0.19858457148075104,0.14283891022205353,0.20025449991226196,0.14337658882141113,0.20116296410560608
141,0.0872412696480751,0.07291305810213089,794.3063354492188,0.0,0.0,0.0,0.0,0.19876863062381744,0.0872252807021141,0.0731029286980629,786.05126953125,0.0,0.0,0.0,0.0,0.19854281842708588,0.14254698157310486,0.200062558054924,0.14353017508983612,0.20098277926445007
142,0.08739592134952545,0.07292524725198746,792.9715576171875,0.0,0.0,0.0,0.0,0.19860315322875977,0.08788532018661499,0.07270096987485886,789.6648559570312,0.0,0.0,0.0,0.0,0.19900329411029816,0.14337289333343506,0.20118163526058197,0.1432749181985855,0.2005425989627838
143,0.08728592097759247,0.07288236171007156,795.7432861328125,0.0,0.0,0.0,0.0,0.19894224405288696,0.0875588059425354,0.0757329910993576,795.6292724609375,0.0,0.0,0.0,0.0,0.19976000487804413,0.14343078434467316,0.20146965980529785,0.1438356637954712,0.20103596150875092
144,0.08694137632846832,0.07326731085777283,797.1314697265625,0.0,0.0,0.0,0.0,0.1990850865840912,0.0865490511059761,0.07346929609775543,782.9644775390625,0.0,0.0,0.0,0.0,0.19815361499786377,0.14235784113407135,0.19984297454357147,0.14418473839759827,0.20107707381248474
145,0.0871908888220787,0.07369126379489899,795.1062622070312,0.0,0.0,0.0,0.0,0.1988600343465805,0.08786091953516006,0.07583562284708023,790.8241577148438,0.0,0.0,0.0,0.0,0.199154794216156,0.14321929216384888,0.20101718604564667,0.1433369368314743,0.20090998709201813
146,0.0870320200920105,0.07345403730869293,793.7755126953125,0.0,0.0,0.0,0.0,0.19869215786457062,0.08700335770845413,0.07639157027006149,789.2493286132812,0.0,0.0,0.0,0.0,0.19895710051059723,0.1427309811115265,0.20031671226024628,0.14359600841999054,0.20041978359222412
147,0.08685749024152756,0.07357737421989441,796.5872802734375,0.0,0.0,0.0,0.0,0.19903631508350372,0.08617859333753586,0.07303468883037567,783.5096435546875,0.0,0.0,0.0,0.0,0.19822508096694946,0.14255625009536743,0.1998908519744873,0.14393912255764008,0.2010709047317505
148,0.08674462884664536,0.073443703353405,794.29248046875,0.0,0.0,0.0,0.0,0.19875256717205048,0.08640200644731522,0.0727008804678917,784.5050659179688,0.0,0.0,0.0,0.0,0.19834895431995392,0.1428808867931366,0.19978772103786469,0.14367373287677765,0.2006170004606247
149,0.08697596937417984,0.07307037711143494,792.438720703125,0.0,0.0,0.0,0.0,0.1985245943069458,0.08613595366477966,0.07335563749074936,790.5805053710938,0.0,0.0,0.0,0.0,0.1991322785615921,0.14337372779846191,0.20197685062885284,0.14341583847999573,0.20017142593860626
150,0.08679772913455963,0.0733540803194046,792.2680053710938,0.0,0.0,0.0,0.0,0.19850140810012817,0.08615776896476746,0.07349418103694916,785.2830200195312,0.0,0.0,0.0,0.0,0.1984514594078064,0.14266280829906464,0.2002086192369461,0.14315786957740784,0.2002660483121872
151,0.08742614090442657,0.0733272135257721,793.091796875,0.0,0.0,0.0,0.0,0.19859802722930908,0.08624112606048584,0.07383651286363602,783.2283325195312,0.0,0.0,0.0,0.0,0.19818828999996185,0.142594113945961,0.19958852231502533,0.14312663674354553,0.20036830008029938
152,0.08759111911058426,0.07269471138715744,792.703125,0.0,0.0,0.0,0.0,0.19856004416942596,0.08646702766418457,0.07294299453496933,782.2490844726562,0.0,0.0,0.0,0.0,0.1980649083852768,0.1426563262939453,0.19942069053649902,0.14362117648124695,0.2001206874847412
153,0.08711005747318268,0.07309262454509735,792.8790893554688,0.0,0.0,0.0,0.0,0.19857555627822876,0.08624669909477234,0.0728490874171257,781.7630004882812,0.0,0.0,0.0,0.0,0.1980065256357193,0.14263348281383514,0.19933901727199554,0.14341425895690918,0.2002958357334137
154,0.08744208514690399,0.07357651740312576,793.7352294921875,0.0,0.0,0.0,0.0,0.1986819952726364,0.08710025995969772,0.07371443510055542,782.2516479492188,0.0,0.0,0.0,0.0,0.1980699896812439,0.1422935277223587,0.1996796876192093,0.14359667897224426,0.2001982480287552
155,0.08695044368505478,0.07322172075510025,791.3812255859375,0.0,0.0,0.0,0.0,0.19839070737361908,0.08604756742715836,0.07296314835548401,780.3392333984375,0.0,0.0,0.0,0.0,0.19782835245132446,0.14241716265678406,0.19941793382167816,0.1433050036430359,0.19986706972122192
156,0.0868261381983757,0.07312121987342834,791.8788452148438,0.0,0.0,0.0,0.0,0.19844289124011993,0.08710511773824692,0.07313854247331619,780.864990234375,0.0,0.0,0.0,0.0,0.197889044880867,0.14185334742069244,0.19911004602909088,0.14360353350639343,0.1999192237854004
157,0.08681967109441757,0.07332657277584076,794.215576171875,0.0,0.0,0.0,0.0,0.1986929476261139,0.08580600470304489,0.07284178584814072,780.6255493164062,0.0,0.0,0.0,0.0,0.19786415994167328,0.1426759660243988,0.1994543820619583,0.1440494954586029,0.20026779174804688
158,0.08841493725776672,0.0734366625547409,803.9696044921875,0.0,0.0,0.0,0.0,0.19983942806720734,0.11534140259027481,0.08411707729101181,966.0529174804688,0.0,0.0,0.0,0.0,0.22021888196468353,0.16949647665023804,0.2240232676267624,0.14518053829669952,0.20187437534332275
159,0.0896313264966011,0.07387766987085342,807.2101440429688,0.0,0.0,0.0,0.0,0.2003428339958191,0.08846160024404526,0.0729973316192627,795.5843505859375,0.0,0.0,0.0,0.0,0.19977714121341705,0.14532852172851562,0.2009803205728531,0.14575006067752838,0.20237183570861816
160,0.0876772403717041,0.07287713885307312,796.5023803710938,0.0,0.0,0.0,0.0,0.19903148710727692,0.08696421980857849,0.07345578819513321,787.0337524414062,0.0,0.0,0.0,0.0,0.19868330657482147,0.14237043261528015,0.20106291770935059,0.14408528804779053,0.20092317461967468
161,0.08708205074071884,0.07243864238262177,791.8289184570312,0.0,0.0,0.0,0.0,0.19843773543834686,0.08647879958152771,0.07231856882572174,782.7434692382812,0.0,0.0,0.0,0.0,0.1981418877840042,0.14304932951927185,0.2000499814748764,0.14356692135334015,0.20008689165115356
162,0.08672145009040833,0.07255098223686218,790.5825805664062,0.0,0.0,0.0,0.0,0.19828452169895172,0.08719579130411148,0.07267183810472488,779.0169677734375,0.0,0.0,0.0,0.0,0.19766616821289062,0.14198891818523407,0.19866572320461273,0.1435474455356598,0.19993318617343903
163,0.08926709741353989,0.0739915519952774,826.01123046875,0.0,0.0,0.0,0.0,0.20243363082408905,0.08941089361906052,0.07758323103189468,818.8404541015625,0.0,0.0,0.0,0.0,0.20269040763378143,0.1496872454881668,0.20655371248722076,0.14567959308624268,0.20814795792102814
164,0.08820092678070068,0.07319725304841995,804.7510986328125,0.0,0.0,0.0,0.0,0.20004720985889435,0.08671176433563232,0.0729178860783577,786.1447143554688,0.0,0.0,0.0,0.0,0.19856947660446167,0.14306266605854034,0.2003275752067566,0.1443261355161667,0.20322363078594208
165,0.08761530369520187,0.07389695197343826,806.498046875,0.0,0.0,0.0,0.0,0.2002684324979782,0.08765124529600143,0.07321207970380783,798.0551147460938,0.0,0.0,0.0,0.0,0.2000761181116104,0.14516256749629974,0.20283085107803345,0.14443287253379822,0.2034534066915512
166,0.0871301144361496,0.07320971041917801,797.7568969726562,0.0,0.0,0.0,0.0,0.19920147955417633,0.08751529455184937,0.07308481633663177,788.8174438476562,0.0,0.0,0.0,0.0,0.1989007592201233,0.14323939383029938,0.20050005614757538,0.14395564794540405,0.20163878798484802
167,0.08688764274120331,0.073350690305233,794.8364868164062,0.0,0.0,0.0,0.0,0.19882678985595703,0.08650890737771988,0.07292278856039047,790.46533203125,0.0,0.0,0.0,0.0,0.19910645484924316,0.14225338399410248,0.20193178951740265,0.14323243498802185,0.2012249380350113
168,0.08692363649606705,0.0740964487195015,798.7789916992188,0.0,0.0,0.0,0.0,0.1993073672056198,0.08814167231321335,0.07270541787147522,785.6233520507812,0.0,0.0,0.0,0.0,0.19849376380443573,0.1422496885061264,0.2003917247056961,0.14409823715686798,0.20168815553188324
169,0.08701729774475098,0.07462042570114136,796.7031860351562,0.0,0.0,0.0,0.0,0.1990584135055542,0.0862736701965332,0.0729679986834526,784.8970947265625,0.0,0.0,0.0,0.0,0.19840045273303986,0.14307494461536407,0.20058010518550873,0.14313997328281403,0.20140770077705383
170,0.08708208054304123,0.07345060259103775,796.89208984375,0.0,0.0,0.0,0.0,0.19907256960868835,0.08947068452835083,0.07457900792360306,787.9227905273438,0.0,0.0,0.0,0.0,0.1987883448600769,0.14219461381435394,0.2002813071012497,0.1437765508890152,0.20141027867794037
171,0.08718017488718033,0.07265567034482956,792.0513305664062,0.0,0.0,0.0,0.0,0.1984741985797882,0.08982496708631516,0.07288403064012527,787.6185302734375,0.0,0.0,0.0,0.0,0.19874460995197296,0.14355704188346863,0.2003648281097412,0.14260835945606232,0.20077823102474213
172,0.08767888695001602,0.07265990227460861,796.658935546875,0.0,0.0,0.0,0.0,0.19902628660202026,0.08694250136613846,0.07308445125818253,784.3975219726562,0.0,0.0,0.0,0.0,0.19833897054195404,0.14157681167125702,0.20156408846378326,0.14321956038475037,0.2015817016363144
173,0.08807514607906342,0.07378439605236053,795.0661010742188,0.0,0.0,0.0,0.0,0.19884540140628815,0.08638057857751846,0.07725577056407928,787.68701171875,0.0,0.0,0.0,0.0,0.1987525224685669,0.14159062504768372,0.20077349245548248,0.14250464737415314,0.20120975375175476
174,0.08868873119354248,0.07384338229894638,798.006103515625,0.0,0.0,0.0,0.0,0.19919899106025696,0.08623643964529037,0.07299389690160751,790.814208984375,0.0,0.0,0.0,0.0,0.19915539026260376,0.14588893949985504,0.20067144930362701,0.14315298199653625,0.2013992965221405
175,0.08716844022274017,0.07373948395252228,794.4393310546875,0.0,0.0,0.0,0.0,0.19876201450824738,0.08667206764221191,0.07319953292608261,787.3953247070312,0.0,0.0,0.0,0.0,0.19871638715267181,0.14242111146450043,0.201467826962471,0.14272820949554443,0.20114906132221222
176,0.08668886125087738,0.07413826882839203,789.5446166992188,0.0,0.0,0.0,0.0,0.19816099107265472,0.0861424133181572,0.07396910339593887,779.9449462890625,0.0,0.0,0.0,0.0,0.1977698653936386,0.14179493486881256,0.19959044456481934,0.1420016884803772,0.200164332985878
177,0.08718298375606537,0.07423216104507446,795.92626953125,0.0,0.0,0.0,0.0,0.1989341676235199,0.08612531423568726,0.07240693271160126,783.6302490234375,0.0,0.0,0.0,0.0,0.19824238121509552,0.14288730919361115,0.20003612339496613,0.1427627056837082,0.201383575797081
178,0.08676714450120926,0.07412821799516678,794.3267211914062,0.0,0.0,0.0,0.0,0.19874806702136993,0.08856949955224991,0.07733098417520523,813.9026489257812,0.0,0.0,0.0,0.0,0.20206475257873535,0.14317195117473602,0.20860515534877777,0.14288799464702606,0.20099221169948578
179,0.08704589307308197,0.0736585482954979,794.508544921875,0.0,0.0,0.0,0.0,0.19875633716583252,0.08584069460630417,0.07272721081972122,787.2782592773438,0.0,0.0,0.0,0.0,0.1987067610025406,0.14534825086593628,0.20002664625644684,0.14287573099136353,0.20109528303146362
180,0.0868498906493187,0.07296956330537796,790.9403076171875,0.0,0.0,0.0,0.0,0.198330357670784,0.08616629987955093,0.07259147614240646,779.4078369140625,0.0,0.0,0.0,0.0,0.197707399725914,0.14139549434185028,0.19954006373882294,0.1423308104276657,0.2005755454301834
181,0.08685781061649323,0.07284046709537506,793.2190551757812,0.0,0.0,0.0,0.0,0.1985953152179718,0.08593618869781494,0.07267699390649796,779.3388671875,0.0,0.0,0.0,0.0,0.1976991891860962,0.14146430790424347,0.19965344667434692,0.14270639419555664,0.2010362297296524
182,0.08674012869596481,0.072764553129673,792.5235595703125,0.0,0.0,0.0,0.0,0.19855771958827972,0.08590033650398254,0.07263725250959396,780.6134033203125,0.0,0.0,0.0,0.0,0.19785906374454498,0.1417253464460373,0.19978652894496918,0.14265860617160797,0.20101186633110046
183,0.08678783476352692,0.07306096702814102,792.2644653320312,0.0,0.0,0.0,0.0,0.19849009811878204,0.08658459782600403,0.07236916571855545,788.7799072265625,0.0,0.0,0.0,0.0,0.19889481365680695,0.14217354357242584,0.2023037075996399,0.14256960153579712,0.20072238147258759
184,0.08661748468875885,0.07386668771505356,793.825439453125,0.0,0.0,0.0,0.0,0.19867555797100067,0.08597473055124283,0.0759604200720787,782.9764404296875,0.0,0.0,0.0,0.0,0.1981632113456726,0.14126546680927277,0.20051896572113037,0.1432056874036789,0.20070971548557281
185,0.08694098889827728,0.07355795055627823,794.2313842773438,0.0,0.0,0.0,0.0,0.19872818887233734,0.08588222414255142,0.0727740004658699,783.2348022460938,0.0,0.0,0.0,0.0,0.19819581508636475,0.14166022837162018,0.20075874030590057,0.14293235540390015,0.201030895113945
186,0.08727854490280151,0.07266194373369217,797.1390380859375,0.0,0.0,0.0,0.0,0.19906671345233917,0.08640515059232712,0.0723114088177681,783.7531127929688,0.0,0.0,0.0,0.0,0.19825725257396698,0.14221161603927612,0.20051883161067963,0.14353182911872864,0.20163576304912567
187,0.08699803054332733,0.07258448749780655,794.2689819335938,0.0,0.0,0.0,0.0,0.19873932003974915,0.08597571402788162,0.07198072969913483,780.1589965820312,0.0,0.0,0.0,0.0,0.1978049874305725,0.14132295548915863,0.20011913776397705,0.14326909184455872,0.2011060118675232
188,0.08679122477769852,0.0723792314529419,793.4105224609375,0.0,0.0,0.0,0.0,0.1986280232667923,0.08575024455785751,0.07236558943986893,781.8158569335938,0.0,0.0,0.0,0.0,0.19801630079746246,0.14279566705226898,0.1996878832578659,0.14310701191425323,0.20096972584724426
189,0.0863354280591011,0.07225093990564346,788.7152709960938,0.0,0.0,0.0,0.0,0.1980537474155426,0.08604767918586731,0.07232055068016052,778.7919921875,0.0,0.0,0.0,0.0,0.1976267695426941,0.1415114402770996,0.19965434074401855,0.14206825196743011,0.20033317804336548
190,0.08671534806489944,0.07249129563570023,788.8025512695312,0.0,0.0,0.0,0.0,0.19806617498397827,0.08807024359703064,0.07308793067932129,803.4478759765625,0.0,0.0,0.0,0.0,0.20074953138828278,0.1417858749628067,0.20680658519268036,0.14195390045642853,0.20035238564014435
191,0.08669977635145187,0.07281649112701416,792.1165161132812,0.0,0.0,0.0,0.0,0.1984594613313675,0.08559593558311462,0.0725124254822731,779.5767822265625,0.0,0.0,0.0,0.0,0.19772695004940033,0.14175307750701904,0.19987721741199493,0.14252951741218567,0.20071646571159363
192,0.08630263805389404,0.07278522849082947,790.875732421875,0.0,0.0,0.0,0.0,0.19831262528896332,0.08572608977556229,0.0724126473069191,777.7455444335938,0.0,0.0,0.0,0.0,0.19749312102794647,0.1409619301557541,0.19913744926452637,0.1425212174654007,0.20043621957302094
193,0.08642880618572235,0.07321013510227203,791.47216796875,0.0,0.0,0.0,0.0,0.19838151335716248,0.08578703552484512,0.07941079884767532,786.70654296875,0.0,0.0,0.0,0.0,0.1986379474401474,0.14133380353450775,0.20001697540283203,0.1420769989490509,0.20066554844379425
194,0.08652956038713455,0.07416297495365143,790.8803100585938,0.0,0.0,0.0,0.0,0.19832254946231842,0.08620410412549973,0.07564986497163773,790.0577392578125,0.0,0.0,0.0,0.0,0.19905497133731842,0.14165815711021423,0.20227406919002533,0.14222867786884308,0.20013916492462158
195,0.08733554184436798,0.07344189286231995,795.25146484375,0.0,0.0,0.0,0.0,0.1988394558429718,0.08614849299192429,0.07386178523302078,780.1493530273438,0.0,0.0,0.0,0.0,0.19779996573925018,0.14124299585819244,0.19920767843723297,0.1426493525505066,0.20104354619979858
196,0.08674292266368866,0.07297961413860321,789.7080078125,0.0,0.0,0.0,0.0,0.19817523658275604,0.0860217809677124,0.07362788170576096,781.623046875,0.0,0.0,0.0,0.0,0.19798602163791656,0.14137093722820282,0.2003622055053711,0.14195141196250916,0.20023508369922638
197,0.08670064806938171,0.07243534922599792,790.2147216796875,0.0,0.0,0.0,0.0,0.1982269436120987,0.08608142286539078,0.0738159567117691,781.2498779296875,0.0,0.0,0.0,0.0,0.19794048368930817,0.1418517827987671,0.19991202652454376,0.14239929616451263,0.20026591420173645
198,0.08650871366262436,0.0728854313492775,790.7936401367188,0.0,0.0,0.0,0.0,0.1982932835817337,0.08673020452260971,0.07543822377920151,783.2113037109375,0.0,0.0,0.0,0.0,0.19818679988384247,0.14092110097408295,0.20017503201961517,0.1425592005252838,0.20022590458393097
199,0.08696834743022919,0.07310564815998077,793.5758666992188,0.0,0.0,0.0,0.0,0.1987048238515854,0.08596998453140259,0.07307153940200806,784.71533203125,0.0,0.0,0.0,0.0,0.19837947189807892,0.14124946296215057,0.20153474807739258,0.1428055316209793,0.20085103809833527
200,0.08638423681259155,0.07269883155822754,789.0648193359375,0.0,0.0,0.0,0.0,0.198095440864563,0.08565445989370346,0.0728147104382515,778.29638671875,0.0,0.0,0.0,0.0,0.19756382703781128,0.14129352569580078,0.19995224475860596,0.14232777059078217,0.20000293850898743
201,0.08676765859127045,0.0721592828631401,792.161376953125,0.0,0.0,0.0,0.0,0.1984686404466629,0.0862497016787529,0.07320021837949753,795.8777465820312,0.0,0.0,0.0,0.0,0.19979454576969147,0.1417868584394455,0.2044968456029892,0.14260169863700867,0.20074081420898438
202,0.08646050095558167,0.07244521379470825,790.3010864257812,0.0,0.0,0.0,0.0,0.19824428856372833,0.08590144664049149,0.07336929440498352,780.6158447265625,0.0,0.0,0.0,0.0,0.19785542786121368,0.1408277302980423,0.19996143877506256,0.14214953780174255,0.20042914152145386
203,0.08639563620090485,0.07202234119176865,790.8405151367188,0.0,0.0,0.0,0.0,0.19829125702381134,0.0864022746682167,0.07265264540910721,782.3660278320312,0.0,0.0,0.0,0.0,0.1980767846107483,0.142700657248497,0.1990635246038437,0.14252662658691406,0.2005530446767807
204,0.08651172369718552,0.07199814170598984,791.8468627929688,0.0,0.0,0.0,0.0,0.19843189418315887,0.08583589643239975,0.072290800511837,780.0553588867188,0.0,0.0,0.0,0.0,0.1977844387292862,0.14146320521831512,0.20011824369430542,0.14303654432296753,0.20057593286037445
205,0.08664695918560028,0.07193657010793686,792.2152709960938,0.0,0.0,0.0,0.0,0.1984797716140747,0.08667892962694168,0.07463251054286957,781.9437255859375,0.0,0.0,0.0,0.0,0.19802600145339966,0.14196577668190002,0.1992180496454239,0.14304974675178528,0.2005852311849594
206,0.08663789182901382,0.07249262183904648,794.5285034179688,0.0,0.0,0.0,0.0,0.19875049591064453,0.08619304746389389,0.07264745980501175,784.8829956054688,0.0,0.0,0.0,0.0,0.19838519394397736,0.14209909737110138,0.2008792906999588,0.14302702248096466,0.20109330117702484
207,0.08647631853818893,0.07211602479219437,788.6664428710938,0.0,0.0,0.0,0.0,0.19804704189300537,0.08752822130918503,0.07358752191066742,782.1591796875,0.0,0.0,0.0,0.0,0.1980421394109726,0.14094485342502594,0.19980096817016602,0.14201641082763672,0.200224831700325
208,0.08680713176727295,0.07223030924797058,794.079833984375,0.0,0.0,0.0,0.0,0.19869977235794067,0.08618708699941635,0.07224470376968384,781.6893310546875,0.0,0.0,0.0,0.0,0.19798551499843597,0.14105790853500366,0.20045246183872223,0.14300324022769928,0.20104140043258667
209,0.0868324339389801,0.07221295684576035,792.5866088867188,0.0,0.0,0.0,0.0,0.19852375984191895,0.08601058274507523,0.07440758496522903,781.7277221679688,0.0,0.0,0.0,0.0,0.19799412786960602,0.1415187567472458,0.19954736530780792,0.14294180274009705,0.20058944821357727
210,0.0868075042963028,0.07240026444196701,795.1069946289062,0.0,0.0,0.0,0.0,0.1988256424665451,0.08590764552354813,0.07233791053295135,781.0537719726562,0.0,0.0,0.0,0.0,0.19790714979171753,0.1419917792081833,0.19962824881076813,0.14315032958984375,0.20122204720973969
211,0.0866449624300003,0.0723370835185051,793.6967163085938,0.0,0.0,0.0,0.0,0.19866225123405457,0.0878322497010231,0.07480787485837936,786.83203125,0.0,0.0,0.0,0.0,0.19864195585250854,0.14146555960178375,0.20068185031414032,0.14329378306865692,0.20074345171451569
212,0.08673746138811111,0.07252524793148041,791.558837890625,0.0,0.0,0.0,0.0,0.19840243458747864,0.0858757421374321,0.07238056510686874,783.9834594726562,0.0,0.0,0.0,0.0,0.1982799768447876,0.14153121411800385,0.20150047540664673,0.1424349695444107,0.20048873126506805
213,0.08674720674753189,0.07290537655353546,792.2260131835938,0.0,0.0,0.0,0.0,0.19847893714904785,0.08603560924530029,0.07394951581954956,783.8734130859375,0.0,0.0,0.0,0.0,0.1982637196779251,0.14079569280147552,0.20101918280124664,0.14237497746944427,0.20071128010749817
214,0.08682487905025482,0.07263375073671341,791.2998657226562,0.0,0.0,0.0,0.0,0.19836416840553284,0.08600757271051407,0.07255905121564865,781.0621337890625,0.0,0.0,0.0,0.0,0.19790877401828766,0.14065708220005035,0.20035509765148163,0.1421382874250412,0.2006315141916275
215,0.086887426674366,0.07259723544120789,794.28125,0.0,0.0,0.0,0.0,0.198728546500206,0.08980541676282883,0.07398169487714767,789.7645874023438,0.0,0.0,0.0,0.0,0.19901807606220245,0.14082211256027222,0.20164655148983002,0.1428128480911255,0.2009166032075882
216,0.08734995871782303,0.0724940150976181,791.7866821289062,0.0,0.0,0.0,0.0,0.19842630624771118,0.08858772367238998,0.07565048336982727,790.3956909179688,0.0,0.0,0.0,0.0,0.19909359514713287,0.1419132798910141,0.20035481452941895,0.14209483563899994,0.20049430429935455
217,0.08706267178058624,0.07270175218582153,793.8828735351562,0.0,0.0,0.0,0.0,0.1986854523420334,0.08591613918542862,0.07247289270162582,781.5599365234375,0.0,0.0,0.0,0.0,0.1979741007089615,0.14097149670124054,0.20054613053798676,0.14241187274456024,0.20087236166000366
218,0.08707045018672943,0.07253936678171158,793.9456176757812,0.0,0.0,0.0,0.0,0.19868871569633484,0.08647661656141281,0.07470696419477463,802.6089477539062,0.0,0.0,0.0,0.0,0.20063643157482147,0.14110474288463593,0.2061343789100647,0.14280474185943604,0.20079348981380463
219,0.08686909824609756,0.07241427153348923,793.9611206054688,0.0,0.0,0.0,0.0,0.1986985206604004,0.089570552110672,0.07405389100313187,789.2469482421875,0.0,0.0,0.0,0.0,0.1989492028951645,0.14168791472911835,0.20145957171916962,0.1427689790725708,0.20105025172233582
220,0.08655780553817749,0.072337307035923,790.9725341796875,0.0,0.0,0.0,0.0,0.19833049178123474,0.0863727405667305,0.072687067091465,781.3944702148438,0.0,0.0,0.0,0.0,0.19795387983322144,0.14114950597286224,0.2002711445093155,0.14192374050617218,0.20070743560791016
221,0.08661659061908722,0.07198279350996017,790.9849243164062,0.0,0.0,0.0,0.0,0.1983235776424408,0.08717381209135056,0.07404517382383347,787.1583862304688,0.0,0.0,0.0,0.0,0.19868683815002441,0.1408446878194809,0.20156872272491455,0.14159439504146576,0.20104782283306122
222,0.08741480112075806,0.07198294252157211,794.0762939453125,0.0,0.0,0.0,0.0,0.19870012998580933,0.1021723523736,0.07859591394662857,882.8206787109375,0.0,0.0,0.0,0.0,0.21050266921520233,0.15705044567584991,0.21454304456710815,0.14207978546619415,0.20129099488258362
223,0.08688254654407501,0.07189630717039108,790.3490600585938,0.0,0.0,0.0,0.0,0.19827084243297577,0.0865054652094841,0.07489387691020966,782.1224975585938,0.0,0.0,0.0,0.0,0.19804497063159943,0.14090849459171295,0.19994746148586273,0.14144758880138397,0.2008846253156662
224,0.08653825521469116,0.07215073704719543,788.6340942382812,0.0,0.0,0.0,0.0,0.19804051518440247,0.08560189604759216,0.07362207025289536,782.2620849609375,0.0,0.0,0.0,0.0,0.1980620175600052,0.14091698825359344,0.20032715797424316,0.14153140783309937,0.20027360320091248
225,0.0867411196231842,0.07210828363895416,788.1824951171875,0.0,0.0,0.0,0.0,0.19796469807624817,0.08599231392145157,0.07225380092859268,781.3160400390625,0.0,0.0,0.0,0.0,0.19794081151485443,0.14091242849826813,0.20032596588134766,0.14125879108905792,0.20016862452030182
226,0.08689869940280914,0.07222436368465424,789.7479248046875,0.0,0.0,0.0,0.0,0.19815990328788757,0.08689934015274048,0.07363685220479965,784.931640625,0.0,0.0,0.0,0.0,0.19840043783187866,0.14111678302288055,0.20108211040496826,0.14139854907989502,0.20046570897102356
227,0.08709549158811569,0.07267223298549652,791.229736328125,0.0,0.0,0.0,0.0,0.19835534691810608,0.08549952507019043,0.0722595825791359,782.535400390625,0.0,0.0,0.0,0.0,0.1980985850095749,0.1410326361656189,0.2011595219373703,0.14147643744945526,0.20092402398586273
228,0.08707275986671448,0.07315868884325027,793.1368408203125,0.0,0.0,0.0,0.0,0.19862306118011475,0.08606290817260742,0.07342088222503662,780.5220947265625,0.0,0.0,0.0,0.0,0.19784188270568848,0.14106355607509613,0.19960284233093262,0.14178957045078278,0.2010713368654251
229,0.08729320764541626,0.07275911420583725,793.6508178710938,0.0,0.0,0.0,0.0,0.19865921139717102,0.08622268587350845,0.07563551515340805,783.9713134765625,0.0,0.0,0.0,0.0,0.19827912747859955,0.1407846063375473,0.2003256231546402,0.142114520072937,0.20100153982639313
230,0.08650200068950653,0.07313653826713562,790.7582397460938,0.0,0.0,0.0,0.0,0.19830851256847382,0.08673816174268723,0.07180266082286835,782.149658203125,0.0,0.0,0.0,0.0,0.19804894924163818,0.14144949615001678,0.20055925846099854,0.1417180299758911,0.20051820576190948
231,0.08695463836193085,0.07293903082609177,794.7362670898438,0.0,0.0,0.0,0.0,0.1988155096769333,0.08817735314369202,0.07252377271652222,782.0756225585938,0.0,0.0,0.0,0.0,0.19804221391677856,0.14129148423671722,0.19985145330429077,0.14212734997272491,0.20135389268398285
232,0.08689682930707932,0.07263725250959396,789.6357421875,0.0,0.0,0.0,0.0,0.1981665939092636,0.08608880639076233,0.07322033494710922,788.51708984375,0.0,0.0,0.0,0.0,0.19885693490505219,0.14273934066295624,0.2012692093849182,0.14126168191432953,0.2004382461309433
233,0.08727540075778961,0.07218194007873535,793.6088256835938,0.0,0.0,0.0,0.0,0.19865038990974426,0.08566778153181076,0.07672282308340073,784.064208984375,0.0,0.0,0.0,0.0,0.19829709827899933,0.14097179472446442,0.19968770444393158,0.14232179522514343,0.2010495364665985
234,0.08709283918142319,0.07263810932636261,792.7386474609375,0.0,0.0,0.0,0.0,0.1985493302345276,0.08990159630775452,0.07461999356746674,789.80078125,0.0,0.0,0.0,0.0,0.19901897013187408,0.14278993010520935,0.19955354928970337,0.14215953648090363,0.20068222284317017
235,0.08694952726364136,0.07251860201358795,793.74365234375,0.0,0.0,0.0,0.0,0.19867630302906036,0.09084293991327286,0.07348709553480148,792.7271728515625,0.0,0.0,0.0,0.0,0.1993945688009262,0.1430198848247528,0.20185263454914093,0.14212021231651306,0.20116223394870758
236,0.08685345202684402,0.07221439480781555,795.1021728515625,0.0,0.0,0.0,0.0,0.1988304853439331,0.0858226791024208,0.07720783352851868,789.7261962890625,0.0,0.0,0.0,0.0,0.19901199638843536,0.14116378128528595,0.2008560299873352,0.14258594810962677,0.20147141814231873
237,0.0866871029138565,0.07257850468158722,795.0187377929688,0.0,0.0,0.0,0.0,0.19884124398231506,0.08821768313646317,0.07158397883176804,781.6931762695312,0.0,0.0,0.0,0.0,0.1979900598526001,0.14089365303516388,0.2000817209482193,0.1425531655550003,0.20148402452468872
238,0.0869283527135849,0.07242857664823532,794.0673828125,0.0,0.0,0.0,0.0,0.1987103968858719,0.08741439133882523,0.073915995657444,787.8616333007812,0.0,0.0,0.0,0.0,0.19877870380878448,0.14186285436153412,0.20098306238651276,0.14255517721176147,0.20094327628612518
239,0.08735370635986328,0.07294834405183792,795.9895629882812,0.0,0.0,0.0,0.0,0.1989765167236328,0.10158569365739822,0.07569312304258347,881.8195190429688,0.0,0.0,0.0,0.0,0.21038556098937988,0.1581350862979889,0.21462468802928925,0.14255118370056152,0.2013111561536789
240,0.08704874664545059,0.072795569896698,793.4540405273438,0.0,0.0,0.0,0.0,0.19864065945148468,0.08563480526208878,0.07179678231477737,781.0631713867188,0.0,0.0,0.0,0.0,0.19791151583194733,0.14059701561927795,0.200932577252388,0.14226938784122467,0.20076245069503784
241,0.08679524064064026,0.07192405313253403,791.5469970703125,0.0,0.0,0.0,0.0,0.19839760661125183,0.08782210201025009,0.07254764437675476,781.3679809570312,0.0,0.0,0.0,0.0,0.19794636964797974,0.1405554562807083,0.19999773800373077,0.14191918075084686,0.20067711174488068
242,0.08695507049560547,0.07190591096878052,793.4489135742188,0.0,0.0,0.0,0.0,0.19864840805530548,0.08611052483320236,0.07171207666397095,779.4915161132812,0.0,0.0,0.0,0.0,0.19770479202270508,0.14095331728458405,0.1994941681623459,0.14251987636089325,0.20097358524799347
